# Made in Blockbench 4.12.2
mtllib marine.mtl

o head
v 0.25 2 0.25
v 0.25 2 -0.25
v 0.25 1.5 0.25
v 0.25 1.5 -0.25
v -0.25 2 -0.25
v -0.25 2 0.25
v -0.25 1.5 -0.25
v -0.25 1.5 0.25
vt 0.0625 0.9375
vt 0.125 0.9375
vt 0.125 0.875
vt 0.0625 0.875
vt 0 0.9375
vt 0.0625 0.9375
vt 0.0625 0.875
vt 0 0.875
vt 0.1875 0.9375
vt 0.25 0.9375
vt 0.25 0.875
vt 0.1875 0.875
vt 0.125 0.9375
vt 0.1875 0.9375
vt 0.1875 0.875
vt 0.125 0.875
vt 0.125 0.9375
vt 0.0625 0.9375
vt 0.0625 1
vt 0.125 1
vt 0.1875 1
vt 0.125 1
vt 0.125 0.9375
vt 0.1875 0.9375
vn 0 0 -1
vn 1 0 0
vn 0 0 1
vn -1 0 0
vn 0 1 0
vn 0 -1 0
usemtl m_aad9b663-e4ab-48be-4205-673054ad3f92
f 4/4/1 7/3/1 5/2/1 2/1/1
f 3/8/2 4/7/2 2/6/2 1/5/2
f 8/12/3 3/11/3 1/10/3 6/9/3
f 7/16/4 8/15/4 6/14/4 5/13/4
f 6/20/5 1/19/5 2/18/5 5/17/5
f 7/24/6 4/23/6 3/22/6 8/21/6
o jacket1
v -0.008650516214909382 1.4470182642057696 -0.09848227009312882
v -0.01518131911709042 1.447132565364939 -0.16064001738739517
v -0.021774896803481186 0.6971331059087367 -0.09848227009312882
v -0.02830569970566222 0.6972474070679059 -0.16064001738739517
v -0.2637742373525459 1.4514834023357028 -0.1345128051206037
v -0.25724343445036485 1.4513691011765335 -0.07235505782633733
v -0.27689861794111764 0.7015982440386698 -0.1345128051206037
v -0.27036781503893664 0.7014839428795006 -0.07235505782633733
vt 0.0078125 0.421875
vt 0.0390625 0.421875
vt 0.0390625 0.328125
vt 0.0078125 0.328125
vt 0 0.421875
vt 0.0078125 0.421875
vt 0.0078125 0.328125
vt 0 0.328125
vt 0.046875 0.421875
vt 0.078125 0.421875
vt 0.078125 0.328125
vt 0.046875 0.328125
vt 0.0390625 0.421875
vt 0.046875 0.421875
vt 0.046875 0.328125
vt 0.0390625 0.328125
vt 0.0390625 0.421875
vt 0.0078125 0.421875
vt 0.0078125 0.4296875
vt 0.0390625 0.4296875
vt 0.0703125 0.4296875
vt 0.0390625 0.4296875
vt 0.0390625 0.421875
vt 0.0703125 0.421875
vn -0.1044928464348966 0.0018288185467081237 -0.9945239567082617
vn 0.9943716729418219 -0.01740334788305538 -0.10450884906716594
vn 0.1044928464348966 -0.0018288185467081237 0.9945239567082617
vn -0.9943716729418219 0.01740334788305538 0.10450884906716594
vn 0.017499174118095734 0.9998468777293774 2.168404344971009e-19
vn -0.017499174118095734 -0.9998468777293774 -2.168404344971009e-19
usemtl m_aad9b663-e4ab-48be-4205-673054ad3f92
f 12/28/7 15/27/7 13/26/7 10/25/7
f 11/32/8 12/31/8 10/30/8 9/29/8
f 16/36/9 11/35/9 9/34/9 14/33/9
f 15/40/10 16/39/10 14/38/10 13/37/10
f 14/44/11 9/43/11 10/42/11 13/41/11
f 15/48/12 12/47/12 11/46/12 16/45/12
o jacket2
v 0.24998046535885365 1.4561270694531059 -0.07225519102985545
v 0.25215994165720784 1.4562031639700757 -0.1347171321835644
v 0.2761501167269267 0.7065837756085989 -0.07225519102985545
v 0.2783295930252809 0.7066598701255684 -0.1347171321835644
v -0.059959585757944106 1.4453057824783047 -0.14562115358692818
v -0.06213906205629832 1.4452296879613349 -0.08315921243321922
v -0.03378993438987103 0.6957624886337973 -0.14562115358692818
v -0.03596941068822525 0.6956863941168278 -0.08315921243321922
vt 0.3359375 0.5
vt 0.375 0.5
vt 0.375 0.40625
vt 0.3359375 0.40625
vt 0.328125 0.5
vt 0.3359375 0.5
vt 0.3359375 0.40625
vt 0.328125 0.40625
vt 0.3828125 0.5
vt 0.421875 0.5
vt 0.421875 0.40625
vt 0.3828125 0.40625
vt 0.375 0.5
vt 0.3828125 0.5
vt 0.3828125 0.40625
vt 0.375 0.40625
vt 0.375 0.5
vt 0.3359375 0.5
vt 0.3359375 0.5078125
vt 0.375 0.5078125
vt 0.4140625 0.5078125
vt 0.375 0.5078125
vt 0.375 0.5
vt 0.4140625 0.5
vn 0.03487162077366739 0.0012175122715137577 -0.9993910584593433
vn 0.9987824877284863 0.034871620773667386 0.03489286849076409
vn -0.03487162077366739 -0.0012175122715137577 0.9993910584593433
vn -0.9987824877284863 -0.034871620773667386 -0.03489286849076409
vn -0.034892868490764097 0.9993910584593433 0
vn 0.034892868490764097 -0.9993910584593433 0
usemtl m_aad9b663-e4ab-48be-4205-673054ad3f92
f 20/52/13 23/51/13 21/50/13 18/49/13
f 19/56/14 20/55/14 18/54/14 17/53/14
f 24/60/15 19/59/15 17/58/15 22/57/15
f 23/64/16 24/63/16 22/62/16 21/61/16
f 22/68/17 17/67/17 18/66/17 21/65/17
f 23/72/18 20/71/18 19/70/18 24/69/18
o jacket3
v -0.07010631248404323 1.49252449663676 -0.08160703479162112
v -0.07649543354428776 1.5055165658974228 -0.1424069958804547
v -0.07146409868947604 1.4313897590784277 -0.09452795891856353
v -0.07785321974972056 1.4443818283390906 -0.1553279200073971
v -0.26296867542708685 1.5055165658974228 -0.12281158668036107
v -0.2565795543668423 1.49252449663676 -0.06201162559152751
v -0.2643264616325196 1.4443818283390906 -0.13573251080730347
v -0.2579373405722751 1.4313897590784277 -0.07493254971846991
vt 0.2734375 0.4609375
vt 0.296875 0.4609375
vt 0.296875 0.453125
vt 0.2734375 0.453125
vt 0.265625 0.4609375
vt 0.2734375 0.4609375
vt 0.2734375 0.453125
vt 0.265625 0.453125
vt 0.3046875 0.4609375
vt 0.328125 0.4609375
vt 0.328125 0.453125
vt 0.3046875 0.453125
vt 0.296875 0.4609375
vt 0.3046875 0.4609375
vt 0.3046875 0.453125
vt 0.296875 0.453125
vt 0.296875 0.4609375
vt 0.2734375 0.4609375
vt 0.2734375 0.46875
vt 0.296875 0.46875
vt 0.3203125 0.46875
vt 0.296875 0.46875
vt 0.296875 0.4609375
vt 0.3203125 0.4609375
vn -0.10222593696391236 0.20787310817060875 -0.9727993774213368
vn 0.9945239567082617 0 -0.10450884906716593
vn 0.10222593696391236 -0.20787310817060875 0.9727993774213368
vn -0.9945239567082617 0 0.10450884906716593
vn 0.02172457928692481 0.9781558009333128 0.20673478603107837
vn -0.02172457928692481 -0.9781558009333128 -0.20673478603107837
usemtl m_aad9b663-e4ab-48be-4205-673054ad3f92
f 28/76/19 31/75/19 29/74/19 26/73/19
f 27/80/20 28/79/20 26/78/20 25/77/20
f 32/84/21 27/83/21 25/82/21 30/81/21
f 31/88/22 32/87/22 30/86/22 29/85/22
f 30/92/23 25/91/23 26/90/23 29/89/23
f 31/96/24 28/95/24 27/94/24 32/93/24
o jacket4
v -0.18750137301832787 1.5063008339718342 0.12266196307587063
v -0.20059337897353124 1.5065299683491757 -0.12699489518663742
v -0.20171945198928065 0.6939252458167153 0.12266196307587063
v -0.21481145794448403 0.6941543801940567 -0.12699489518663742
v -0.2629980365329048 1.5076221655573039 -0.12372139245166489
v -0.24990603057770144 1.5073930311799624 0.12593546581084314
v -0.2772161155038576 0.6952465774021848 -0.12372139245166489
v -0.26412410954865423 0.6950174430248434 0.12593546581084314
vt 0.484375 0.5078125
vt 0.4921875 0.5078125
vt 0.4921875 0.40625
vt 0.484375 0.40625
vt 0.453125 0.5078125
vt 0.484375 0.5078125
vt 0.484375 0.40625
vt 0.453125 0.40625
vt 0.5234375 0.5078125
vt 0.53125 0.5078125
vt 0.53125 0.40625
vt 0.5234375 0.40625
vt 0.4921875 0.5078125
vt 0.5234375 0.5078125
vt 0.5234375 0.40625
vt 0.4921875 0.40625
vt 0.4921875 0.5078125
vt 0.484375 0.5078125
vt 0.484375 0.5390625
vt 0.4921875 0.5390625
vt 0.5 0.5390625
vt 0.4921875 0.5390625
vt 0.4921875 0.5078125
vt 0.5 0.5078125
vn -0.05236802382081359 0.0009165375093655468 -0.9986274330500322
vn 0.9984745209499776 -0.017475155330049504 -0.05237604375956029
vn 0.05236802382081359 -0.0009165375093655468 0.9986274330500322
vn -0.9984745209499776 0.017475155330049504 0.05237604375956029
vn 0.01749917411809574 0.9998468777293775 1.0842021724855047e-19
vn -0.01749917411809574 -0.9998468777293775 -1.0842021724855047e-19
usemtl m_aad9b663-e4ab-48be-4205-673054ad3f92
f 36/100/25 39/99/25 37/98/25 34/97/25
f 35/104/26 36/103/26 34/102/26 33/101/26
f 40/108/27 35/107/27 33/106/27 38/105/27
f 39/112/28 40/111/28 38/110/28 37/109/28
f 38/116/29 33/115/29 34/114/29 37/113/29
f 39/120/30 36/119/30 35/118/30 40/117/30
o jacket5
v 0.2505935891314441 1.5120495258998552 0.1273839779254919
v 0.26368559508664746 1.5122786602771965 -0.12227288033701617
v 0.26481166810239687 0.6996739377447362 0.1273839779254919
v 0.27790367405760025 0.6999030721220776 -0.12227288033701617
v 0.20128093752727388 1.5111864630690683 -0.12554638307198868
v 0.1881889315720705 1.510957328691727 0.12411047519051938
v 0.21549901649822667 0.6988108749139494 -0.12554638307198868
v 0.2024070105430233 0.698581740536608 0.12411047519051938
vt 0.28125 0.5703125
vt 0.2890625 0.5703125
vt 0.2890625 0.46875
vt 0.28125 0.46875
vt 0.25 0.5703125
vt 0.28125 0.5703125
vt 0.28125 0.46875
vt 0.25 0.46875
vt 0.3203125 0.5703125
vt 0.328125 0.5703125
vt 0.328125 0.46875
vt 0.3203125 0.46875
vt 0.2890625 0.5703125
vt 0.3203125 0.5703125
vt 0.3203125 0.46875
vt 0.2890625 0.46875
vt 0.2890625 0.5703125
vt 0.28125 0.5703125
vt 0.28125 0.6015625
vt 0.2890625 0.6015625
vt 0.296875 0.6015625
vt 0.2890625 0.6015625
vt 0.2890625 0.5703125
vt 0.296875 0.5703125
vn 0.05236802382081359 0.0009165375093655468 -0.9986274330500322
vn 0.9984745209499776 0.017475155330049504 0.05237604375956029
vn -0.05236802382081359 -0.0009165375093655468 0.9986274330500322
vn -0.9984745209499776 -0.017475155330049504 -0.05237604375956029
vn -0.01749917411809574 0.9998468777293775 1.0842021724855047e-19
vn 0.01749917411809574 -0.9998468777293775 -1.0842021724855047e-19
usemtl m_aad9b663-e4ab-48be-4205-673054ad3f92
f 44/124/31 47/123/31 45/122/31 42/121/31
f 43/128/32 44/127/32 42/126/32 41/125/32
f 48/132/33 43/131/33 41/130/33 46/129/33
f 47/136/34 48/135/34 46/134/34 45/133/34
f 46/140/35 41/139/35 42/138/35 45/137/35
f 47/144/36 44/143/36 43/142/36 48/141/36
o jacket6
v 0.24733863452128385 1.5078163048670288 -0.06710006998504131
v 0.24927826256766106 1.5144198082676044 -0.12921996684490653
v 0.24973527118281497 1.4457043605575524 -0.0736278955655165
v 0.25167489922919223 1.452307863958128 -0.1357477924253817
v 0.06200654611856992 1.5078813793725419 -0.13576237968692478
v 0.06006691807219267 1.5012778759719663 -0.07364248282705957
v 0.06440318278010107 1.4457694350630654 -0.14229020526739997
v 0.06246355473372382 1.4391659316624899 -0.08017030840753475
vt 0.5078125 0.515625
vt 0.53125 0.515625
vt 0.53125 0.5078125
vt 0.5078125 0.5078125
vt 0.5 0.515625
vt 0.5078125 0.515625
vt 0.5078125 0.5078125
vt 0.5 0.5078125
vt 0.5390625 0.515625
vt 0.5625 0.515625
vt 0.5625 0.5078125
vt 0.5390625 0.5078125
vt 0.53125 0.515625
vt 0.5390625 0.515625
vt 0.5390625 0.5078125
vt 0.53125 0.5078125
vt 0.53125 0.515625
vt 0.5078125 0.515625
vt 0.5078125 0.5234375
vt 0.53125 0.5234375
vt 0.5546875 0.5234375
vt 0.53125 0.5234375
vt 0.53125 0.515625
vt 0.5546875 0.515625
vn 0.031034048742035976 0.10565605440920946 -0.9939183497578437
vn 0.9987824877284863 0.034871620773667386 0.034892868490764097
vn -0.031034048742035976 -0.10565605440920946 0.9939183497578437
vn -0.9987824877284863 -0.034871620773667386 -0.034892868490764097
vn -0.0383461865844984 0.9937911089516227 0.10444520928760276
vn 0.0383461865844984 -0.9937911089516227 -0.10444520928760276
usemtl m_aad9b663-e4ab-48be-4205-673054ad3f92
f 52/148/37 55/147/37 53/146/37 50/145/37
f 51/152/38 52/151/38 50/150/38 49/149/38
f 56/156/39 51/155/39 49/154/39 54/153/39
f 55/160/40 56/159/40 54/158/40 53/157/40
f 54/164/41 49/163/41 50/162/41 53/161/41
f 55/168/42 52/167/42 51/166/42 56/165/42
o jacket7
v 0.25 1.509729642883495 0.13054347839890224
v 0.25 1.508635944501114 0.06805304854081615
v 0.25 0.6973540547283757 0.14476155736985502
v 0.25 0.6962603563459948 0.08227112751176893
v -0.25 1.508635944501114 0.06805304854081615
v -0.25 1.509729642883495 0.13054347839890224
v -0.25 0.6962603563459948 0.08227112751176893
v -0.25 0.6973540547283757 0.14476155736985502
vt 0.0078125 0.7421875
vt 0.0703125 0.7421875
vt 0.0703125 0.640625
vt 0.0078125 0.640625
vt 0 0.7421875
vt 0.0078125 0.7421875
vt 0.0078125 0.640625
vt 0 0.640625
vt 0.078125 0.7421875
vt 0.140625 0.7421875
vt 0.140625 0.640625
vt 0.078125 0.640625
vt 0.0703125 0.7421875
vt 0.078125 0.7421875
vt 0.078125 0.640625
vt 0.0703125 0.640625
vt 0.0703125 0.7421875
vt 0.0078125 0.7421875
vt 0.0078125 0.75
vt 0.0703125 0.75
vt 0.1328125 0.75
vt 0.0703125 0.75
vt 0.0703125 0.7421875
vt 0.1328125 0.7421875
vn 0 -0.017499174118095737 -0.9998468777293774
vn 1 0 0
vn 0 0.017499174118095737 0.9998468777293774
vn -1 0 0
vn 0 0.9998468777293774 -0.017499174118095737
vn 0 -0.9998468777293774 0.017499174118095737
usemtl m_aad9b663-e4ab-48be-4205-673054ad3f92
f 60/172/43 63/171/43 61/170/43 58/169/43
f 59/176/44 60/175/44 58/174/44 57/173/44
f 64/180/45 59/179/45 57/178/45 62/177/45
f 63/184/46 64/183/46 62/182/46 61/181/46
f 62/188/47 57/187/47 58/186/47 61/185/47
f 63/192/48 60/191/48 59/190/48 64/189/48
o leftleg1
v -0.19821018312499028 0.6909163170454 0.12274435614810641
v -0.21129622057768527 0.6904594294436579 -0.12691250211440164
v -0.18512535744095376 0.3161446701231463 0.12274435614810641
v -0.19821139489364875 0.31568778252140417 -0.12691250211440164
v -0.2736724285353358 0.6882816184628653 -0.12363899937942911
v -0.2605863910826408 0.6887385060646074 0.12601785888307893
v -0.2605876028512993 0.31350997154061155 -0.12363899937942911
v -0.2475015653986043 0.31396685914235367 0.12601785888307893
vt 0.5 0.375
vt 0.5078125 0.375
vt 0.5078125 0.328125
vt 0.5 0.328125
vt 0.46875 0.375
vt 0.5 0.375
vt 0.5 0.328125
vt 0.46875 0.328125
vt 0.5390625 0.375
vt 0.546875 0.375
vt 0.546875 0.328125
vt 0.5390625 0.328125
vt 0.5078125 0.375
vt 0.5390625 0.375
vt 0.5390625 0.328125
vt 0.5078125 0.328125
vt 0.5078125 0.375
vt 0.5 0.375
vt 0.5 0.40625
vt 0.5078125 0.40625
vt 0.515625 0.40625
vt 0.5078125 0.40625
vt 0.5078125 0.375
vt 0.515625 0.375
vn -0.05234414981077983 -0.0018275504069688424 -0.9986274330500322
vn 0.9980193273224087 0.0348449756926841 -0.052376043759560294
vn 0.05234414981077983 0.0018275504069688424 0.9986274330500322
vn -0.9980193273224087 -0.0348449756926841 0.052376043759560294
vn -0.03489286849076408 0.9993910584593432 -4.336808689942018e-19
vn 0.03489286849076408 -0.9993910584593432 4.336808689942018e-19
usemtl m_aad9b663-e4ab-48be-4205-673054ad3f92
f 68/196/49 71/195/49 69/194/49 66/193/49
f 67/200/50 68/199/50 66/198/50 65/197/50
f 72/204/51 67/203/51 65/202/51 70/201/51
f 71/208/52 72/207/52 70/206/52 69/205/52
f 70/212/53 65/211/53 66/210/53 69/209/53
f 71/216/54 68/215/54 67/214/54 72/213/54
o leftleg2
v -0.18728557549627994 0.4332685102796294 0.1237565795320428
v -0.19600348068969678 0.43357288834750785 -0.12609118508279302
v -0.19818959689964372 0.12095880451108476 0.1237565795320428
v -0.20690750209306055 0.12126318257896318 -0.12609118508279302
v -0.2584273861727272 0.4357523646458621 -0.12391038080212025
v -0.24970948097931034 0.43544798657798367 0.12593738381271555
v -0.269331407576091 0.12344265887731742 -0.12391038080212025
v -0.2606135023826741 0.123138280809439 0.12593738381271555
vt 0.6640625 0.96875
vt 0.671875 0.96875
vt 0.671875 0.9296875
vt 0.6640625 0.9296875
vt 0.6328125 0.96875
vt 0.6640625 0.96875
vt 0.6640625 0.9296875
vt 0.6328125 0.9296875
vt 0.703125 0.96875
vt 0.7109375 0.96875
vt 0.7109375 0.9296875
vt 0.703125 0.9296875
vt 0.671875 0.96875
vt 0.703125 0.96875
vt 0.703125 0.9296875
vt 0.671875 0.9296875
vt 0.671875 0.96875
vt 0.6640625 0.96875
vt 0.6640625 1
vt 0.671875 1
vt 0.6796875 1
vt 0.671875 1
vt 0.671875 0.96875
vt 0.6796875 0.96875
vn -0.03487162077366739 0.0012175122715137577 -0.9993910584593433
vn 0.9987824877284863 -0.034871620773667386 -0.03489286849076409
vn 0.03487162077366739 -0.0012175122715137577 0.9993910584593433
vn -0.9987824877284863 0.034871620773667386 0.03489286849076409
vn 0.034892868490764097 0.9993910584593433 0
vn -0.034892868490764097 -0.9993910584593433 0
usemtl m_aad9b663-e4ab-48be-4205-673054ad3f92
f 76/220/55 79/219/55 77/218/55 74/217/55
f 75/224/56 76/223/56 74/222/56 73/221/56
f 80/228/57 75/227/57 73/226/57 78/225/57
f 79/232/58 80/231/58 78/230/58 77/229/58
f 78/236/59 73/235/59 74/234/59 77/233/59
f 79/240/60 76/239/60 75/238/60 80/237/60
o leftleg3
v 0.006099754319836545 0.6878246441759786 0.12312500000000001
v 0.006099754319836545 0.6878246441759786 -0.126875
v 0.025726992845891347 0.12566717379259784 0.12312500000000001
v 0.025726992845891347 0.12566717379259784 -0.126875
v -0.05636218683387239 0.6856438398953058 -0.126875
v -0.05636218683387239 0.6856438398953058 0.12312500000000001
v -0.03673494830781759 0.12348636951192504 -0.126875
v -0.03673494830781759 0.12348636951192504 0.12312500000000001
vt 0.421875 0.40625
vt 0.4296875 0.40625
vt 0.4296875 0.3359375
vt 0.421875 0.3359375
vt 0.390625 0.40625
vt 0.421875 0.40625
vt 0.421875 0.3359375
vt 0.390625 0.3359375
vt 0.4609375 0.40625
vt 0.46875 0.40625
vt 0.46875 0.3359375
vt 0.4609375 0.3359375
vt 0.4296875 0.40625
vt 0.4609375 0.40625
vt 0.4609375 0.3359375
vt 0.4296875 0.3359375
vt 0.4296875 0.40625
vt 0.421875 0.40625
vt 0.421875 0.4375
vt 0.4296875 0.4375
vt 0.4375 0.4375
vt 0.4296875 0.4375
vt 0.4296875 0.40625
vt 0.4375 0.40625
vn 0 0 -1
vn 0.9993910584593432 0.03489286849076409 0
vn 0 0 1
vn -0.9993910584593432 -0.03489286849076409 0
vn -0.03489286849076409 0.9993910584593432 0
vn 0.03489286849076409 -0.9993910584593432 0
usemtl m_aad9b663-e4ab-48be-4205-673054ad3f92
f 84/244/61 87/243/61 85/242/61 82/241/61
f 83/248/62 84/247/62 82/246/62 81/245/62
f 88/252/63 83/251/63 81/250/63 86/249/63
f 87/256/64 88/255/64 86/254/64 85/253/64
f 86/260/65 81/259/65 82/258/65 85/257/65
f 87/264/66 84/263/66 83/262/66 88/261/66
o leftleg4
v -0.002906249999999999 0.6875624999999999 0.05133750000000001
v -0.002906249999999999 0.6875624999999999 -0.1361625
v -0.002906249999999999 0.12506249999999997 0.05133750000000001
v -0.002906249999999999 0.12506249999999997 -0.1361625
v -0.25290625 0.6875624999999999 -0.1361625
v -0.25290625 0.6875624999999999 0.05133750000000001
v -0.25290625 0.12506249999999997 -0.1361625
v -0.25290625 0.12506249999999997 0.05133750000000001
vt 0.5078125 0.8046875
vt 0.5390625 0.8046875
vt 0.5390625 0.734375
vt 0.5078125 0.734375
vt 0.484375 0.8046875
vt 0.5078125 0.8046875
vt 0.5078125 0.734375
vt 0.484375 0.734375
vt 0.5625 0.8046875
vt 0.59375 0.8046875
vt 0.59375 0.734375
vt 0.5625 0.734375
vt 0.5390625 0.8046875
vt 0.5625 0.8046875
vt 0.5625 0.734375
vt 0.5390625 0.734375
vt 0.5390625 0.8046875
vt 0.5078125 0.8046875
vt 0.5078125 0.828125
vt 0.5390625 0.828125
vt 0.5703125 0.828125
vt 0.5390625 0.828125
vt 0.5390625 0.8046875
vt 0.5703125 0.8046875
vn 0 0 -1
vn 1 0 0
vn 0 0 1
vn -1 0 0
vn 0 1 0
vn 0 -1 0
usemtl m_aad9b663-e4ab-48be-4205-673054ad3f92
f 92/268/67 95/267/67 93/266/67 90/265/67
f 91/272/68 92/271/68 90/270/68 89/269/68
f 96/276/69 91/275/69 89/274/69 94/273/69
f 95/280/70 96/279/70 94/278/70 93/277/70
f 94/284/71 89/283/71 90/282/71 93/281/71
f 95/288/72 92/287/72 91/286/72 96/285/72
o leftleg4
v 0.0033437500000000064 0.68750625 0.1388375
v 0.0033437500000000064 0.68750625 0.013837500000000003
v 0.0033437500000000064 0.12500624999999999 0.1388375
v 0.0033437500000000064 0.12500624999999999 0.013837500000000003
v -0.24665625 0.68750625 0.013837500000000003
v -0.24665625 0.68750625 0.1388375
v -0.24665625 0.12500624999999999 0.013837500000000003
v -0.24665625 0.12500624999999999 0.1388375
vt 0.546875 0.453125
vt 0.578125 0.453125
vt 0.578125 0.3828125
vt 0.546875 0.3828125
vt 0.53125 0.453125
vt 0.546875 0.453125
vt 0.546875 0.3828125
vt 0.53125 0.3828125
vt 0.59375 0.453125
vt 0.625 0.453125
vt 0.625 0.3828125
vt 0.59375 0.3828125
vt 0.578125 0.453125
vt 0.59375 0.453125
vt 0.59375 0.3828125
vt 0.578125 0.3828125
vt 0.578125 0.453125
vt 0.546875 0.453125
vt 0.546875 0.46875
vt 0.578125 0.46875
vt 0.609375 0.46875
vt 0.578125 0.46875
vt 0.578125 0.453125
vt 0.609375 0.453125
vn 0 0 -1
vn 1 0 0
vn 0 0 1
vn -1 0 0
vn 0 1 0
vn 0 -1 0
usemtl m_aad9b663-e4ab-48be-4205-673054ad3f92
f 100/292/73 103/291/73 101/290/73 98/289/73
f 99/296/74 100/295/74 98/294/74 97/293/74
f 104/300/75 99/299/75 97/298/75 102/297/75
f 103/304/76 104/303/76 102/302/76 101/301/76
f 102/308/77 97/307/77 98/306/77 101/305/77
f 103/312/78 100/311/78 99/310/78 104/309/78
o leftleg4
v 0 0.125 0.13125
v 0 0.125 0.0062500000000000056
v 0 -0.0625 0.13125
v 0 -0.0625 0.0062500000000000056
v -0.25 0.125 0.0062500000000000056
v -0.25 0.125 0.13125
v -0.25 -0.0625 0.0062500000000000056
v -0.25 -0.0625 0.13125
vt 0.5078125 0.25
vt 0.5390625 0.25
vt 0.5390625 0.2265625
vt 0.5078125 0.2265625
vt 0.4921875 0.25
vt 0.5078125 0.25
vt 0.5078125 0.2265625
vt 0.4921875 0.2265625
vt 0.5546875 0.25
vt 0.5859375 0.25
vt 0.5859375 0.2265625
vt 0.5546875 0.2265625
vt 0.5390625 0.25
vt 0.5546875 0.25
vt 0.5546875 0.2265625
vt 0.5390625 0.2265625
vt 0.5390625 0.25
vt 0.5078125 0.25
vt 0.5078125 0.265625
vt 0.5390625 0.265625
vt 0.5703125 0.265625
vt 0.5390625 0.265625
vt 0.5390625 0.25
vt 0.5703125 0.25
vn 0 0 -1
vn 1 0 0
vn 0 0 1
vn -1 0 0
vn 0 1 0
vn 0 -1 0
usemtl m_aad9b663-e4ab-48be-4205-673054ad3f92
f 108/316/79 111/315/79 109/314/79 106/313/79
f 107/320/80 108/319/80 106/318/80 105/317/80
f 112/324/81 107/323/81 105/322/81 110/321/81
f 111/328/82 112/327/82 110/326/82 109/325/82
f 110/332/83 105/331/83 106/330/83 109/329/83
f 111/336/84 108/335/84 107/334/84 112/333/84
o leftleg4
v 0 0.125 -0.0062500000000000056
v 0 0.125 -0.13125
v 0 -0.0625 -0.0062500000000000056
v 0 -0.0625 -0.13125
v -0.25 0.125 -0.13125
v -0.25 0.125 -0.0062500000000000056
v -0.25 -0.0625 -0.13125
v -0.25 -0.0625 -0.0062500000000000056
vt 0.6015625 0.25
vt 0.6328125 0.25
vt 0.6328125 0.2265625
vt 0.6015625 0.2265625
vt 0.5859375 0.25
vt 0.6015625 0.25
vt 0.6015625 0.2265625
vt 0.5859375 0.2265625
vt 0.6484375 0.25
vt 0.6796875 0.25
vt 0.6796875 0.2265625
vt 0.6484375 0.2265625
vt 0.6328125 0.25
vt 0.6484375 0.25
vt 0.6484375 0.2265625
vt 0.6328125 0.2265625
vt 0.6328125 0.25
vt 0.6015625 0.25
vt 0.6015625 0.265625
vt 0.6328125 0.265625
vt 0.6640625 0.265625
vt 0.6328125 0.265625
vt 0.6328125 0.25
vt 0.6640625 0.25
vn 0 0 -1
vn 1 0 0
vn 0 0 1
vn -1 0 0
vn 0 1 0
vn 0 -1 0
usemtl m_aad9b663-e4ab-48be-4205-673054ad3f92
f 116/340/85 119/339/85 117/338/85 114/337/85
f 115/344/86 116/343/86 114/342/86 113/341/86
f 120/348/87 115/347/87 113/346/87 118/345/87
f 119/352/88 120/351/88 118/350/88 117/349/88
f 118/356/89 113/355/89 114/354/89 117/353/89
f 119/360/90 116/359/90 115/358/90 120/357/90
o leftleg4
v 0 -0.0006249999999999867 0.125
v 0 -0.0006249999999999867 -0.125
v 0 -0.06312499999999999 0.125
v 0 -0.06312499999999999 -0.125
v -0.25 -0.0006249999999999867 -0.125
v -0.25 -0.0006249999999999867 0.125
v -0.25 -0.06312499999999999 -0.125
v -0.25 -0.06312499999999999 0.125
vt 0.5234375 0.1796875
vt 0.5546875 0.1796875
vt 0.5546875 0.171875
vt 0.5234375 0.171875
vt 0.4921875 0.1796875
vt 0.5234375 0.1796875
vt 0.5234375 0.171875
vt 0.4921875 0.171875
vt 0.5859375 0.1796875
vt 0.6171875 0.1796875
vt 0.6171875 0.171875
vt 0.5859375 0.171875
vt 0.5546875 0.1796875
vt 0.5859375 0.1796875
vt 0.5859375 0.171875
vt 0.5546875 0.171875
vt 0.5546875 0.1796875
vt 0.5234375 0.1796875
vt 0.5234375 0.2109375
vt 0.5546875 0.2109375
vt 0.5859375 0.2109375
vt 0.5546875 0.2109375
vt 0.5546875 0.1796875
vt 0.5859375 0.1796875
vn 0 0 -1
vn 1 0 0
vn 0 0 1
vn -1 0 0
vn 0 1 0
vn 0 -1 0
usemtl m_aad9b663-e4ab-48be-4205-673054ad3f92
f 124/364/91 127/363/91 125/362/91 122/361/91
f 123/368/92 124/367/92 122/366/92 121/365/92
f 128/372/93 123/371/93 121/370/93 126/369/93
f 127/376/94 128/375/94 126/374/94 125/373/94
f 126/380/95 121/379/95 122/378/95 125/377/95
f 127/384/96 124/383/96 123/382/96 128/381/96
o leftleg4
v -0.19374999999999998 0.125 0.125
v -0.19374999999999998 0.125 -0.125
v -0.19374999999999998 -0.0625 0.125
v -0.19374999999999998 -0.0625 -0.125
v -0.25625 0.125 -0.125
v -0.25625 0.125 0.125
v -0.25625 -0.0625 -0.125
v -0.25625 -0.0625 0.125
vt 0.71875 0.234375
vt 0.7265625 0.234375
vt 0.7265625 0.2109375
vt 0.71875 0.2109375
vt 0.6875 0.234375
vt 0.71875 0.234375
vt 0.71875 0.2109375
vt 0.6875 0.2109375
vt 0.7578125 0.234375
vt 0.765625 0.234375
vt 0.765625 0.2109375
vt 0.7578125 0.2109375
vt 0.7265625 0.234375
vt 0.7578125 0.234375
vt 0.7578125 0.2109375
vt 0.7265625 0.2109375
vt 0.7265625 0.234375
vt 0.71875 0.234375
vt 0.71875 0.265625
vt 0.7265625 0.265625
vt 0.734375 0.265625
vt 0.7265625 0.265625
vt 0.7265625 0.234375
vt 0.734375 0.234375
vn 0 0 -1
vn 1 0 0
vn 0 0 1
vn -1 0 0
vn 0 1 0
vn 0 -1 0
usemtl m_aad9b663-e4ab-48be-4205-673054ad3f92
f 132/388/97 135/387/97 133/386/97 130/385/97
f 131/392/98 132/391/98 130/390/98 129/389/98
f 136/396/99 131/395/99 129/394/99 134/393/99
f 135/400/100 136/399/100 134/398/100 133/397/100
f 134/404/101 129/403/101 130/402/101 133/401/101
f 135/408/102 132/407/102 131/406/102 136/405/102
o leftleg4
v 0.0062500000000000056 0.125 0.125
v 0.0062500000000000056 0.125 -0.125
v 0.0062500000000000056 -0.0625 0.125
v 0.0062500000000000056 -0.0625 -0.125
v -0.056249999999999994 0.125 -0.125
v -0.056249999999999994 0.125 0.125
v -0.056249999999999994 -0.0625 -0.125
v -0.056249999999999994 -0.0625 0.125
vt 0.8046875 0.234375
vt 0.8125 0.234375
vt 0.8125 0.2109375
vt 0.8046875 0.2109375
vt 0.7734375 0.234375
vt 0.8046875 0.234375
vt 0.8046875 0.2109375
vt 0.7734375 0.2109375
vt 0.84375 0.234375
vt 0.8515625 0.234375
vt 0.8515625 0.2109375
vt 0.84375 0.2109375
vt 0.8125 0.234375
vt 0.84375 0.234375
vt 0.84375 0.2109375
vt 0.8125 0.2109375
vt 0.8125 0.234375
vt 0.8046875 0.234375
vt 0.8046875 0.265625
vt 0.8125 0.265625
vt 0.8203125 0.265625
vt 0.8125 0.265625
vt 0.8125 0.234375
vt 0.8203125 0.234375
vn 0 0 -1
vn 1 0 0
vn 0 0 1
vn -1 0 0
vn 0 1 0
vn 0 -1 0
usemtl m_aad9b663-e4ab-48be-4205-673054ad3f92
f 140/412/103 143/411/103 141/410/103 138/409/103
f 139/416/104 140/415/104 138/414/104 137/413/104
f 144/420/105 139/419/105 137/418/105 142/417/105
f 143/424/106 144/423/106 142/422/106 141/421/106
f 142/428/107 137/427/107 138/426/107 141/425/107
f 143/432/108 140/431/108 139/430/108 144/429/108
o leftleg5
v 0.002547312217896336 -0.002864834584553888 -0.09761032177282535
v -0.003935782381234071 0.004753666733354978 -0.1593045510174455
v 0.0017511114135450034 -0.06489876431392871 -0.1051871038476992
v -0.004731983185585403 -0.05728026299601985 -0.16688133309231937
v -0.2525667715582995 0.004753666733354978 -0.13317733875065405
v -0.24608367695916905 -0.002864834584553888 -0.07148310950603387
v -0.2533629723626508 -0.05728026299601985 -0.1407541208255279
v -0.2468798777635204 -0.06489876431392871 -0.07905989158090773
vt 0.71875 0.671875
vt 0.75 0.671875
vt 0.75 0.6640625
vt 0.71875 0.6640625
vt 0.7109375 0.671875
vt 0.71875 0.671875
vt 0.71875 0.6640625
vt 0.7109375 0.6640625
vt 0.7578125 0.671875
vt 0.7890625 0.671875
vt 0.7890625 0.6640625
vt 0.7578125 0.6640625
vt 0.75 0.671875
vt 0.7578125 0.671875
vt 0.7578125 0.6640625
vt 0.75 0.6640625
vt 0.75 0.671875
vt 0.71875 0.671875
vt 0.71875 0.6796875
vt 0.75 0.6796875
vt 0.78125 0.6796875
vt 0.75 0.6796875
vt 0.75 0.671875
vt 0.78125 0.671875
vn -0.10372951358608666 0.12189602108654238 -0.9871076679139227
vn 0.9945239567082618 3.469446951953614e-18 -0.10450884906716594
vn 0.10372951358608666 -0.12189602108654238 0.9871076679139227
vn -0.9945239567082618 -3.469446951953614e-18 0.10450884906716594
vn 0.012739212869621533 0.9925428756699982 0.12122851319798184
vn -0.012739212869621533 -0.9925428756699982 -0.12122851319798184
usemtl m_aad9b663-e4ab-48be-4205-673054ad3f92
f 148/436/109 151/435/109 149/434/109 146/433/109
f 147/440/110 148/439/110 146/438/110 145/437/110
f 152/444/111 147/443/111 145/442/111 150/441/111
f 151/448/112 152/447/112 150/446/112 149/445/112
f 150/452/113 145/451/113 146/450/113 149/449/113
f 151/456/114 148/455/114 147/454/114 152/453/114
o rightleg1
v 0.25 0.6875624999999999 0.11624999999999999
v 0.25 0.6875624999999999 -0.13375
v 0.25 0.12506249999999997 0.11624999999999999
v 0.25 0.12506249999999997 -0.13375
v 0 0.6875624999999999 -0.13375
v 0 0.6875624999999999 0.11624999999999999
v 0 0.12506249999999997 -0.13375
v 0 0.12506249999999997 0.11624999999999999
vt 0.15625 0.5703125
vt 0.1875 0.5703125
vt 0.1875 0.5
vt 0.15625 0.5
vt 0.125 0.5703125
vt 0.15625 0.5703125
vt 0.15625 0.5
vt 0.125 0.5
vt 0.21875 0.5703125
vt 0.25 0.5703125
vt 0.25 0.5
vt 0.21875 0.5
vt 0.1875 0.5703125
vt 0.21875 0.5703125
vt 0.21875 0.5
vt 0.1875 0.5
vt 0.1875 0.5703125
vt 0.15625 0.5703125
vt 0.15625 0.6015625
vt 0.1875 0.6015625
vt 0.21875 0.6015625
vt 0.1875 0.6015625
vt 0.1875 0.5703125
vt 0.21875 0.5703125
vn 0 0 -1
vn 1 0 0
vn 0 0 1
vn -1 0 0
vn 0 1 0
vn 0 -1 0
usemtl m_aad9b663-e4ab-48be-4205-673054ad3f92
f 156/460/115 159/459/115 157/458/115 154/457/115
f 155/464/116 156/463/116 154/462/116 153/461/116
f 160/468/117 155/467/117 153/466/117 158/465/117
f 159/472/118 160/471/118 158/470/118 157/469/118
f 158/476/119 153/475/119 154/474/119 157/473/119
f 159/480/120 156/479/120 155/478/120 160/477/120
o rightleg1
v 0.25 0.6875312500000001 0.1375
v 0.25 0.6875312500000001 0.07500000000000001
v 0.25 0.12503125000000004 0.1375
v 0.25 0.12503125000000004 0.07500000000000001
v 0 0.6875312500000001 0.07500000000000001
v 0 0.6875312500000001 0.1375
v 0 0.12503125000000004 0.07500000000000001
v 0 0.12503125000000004 0.1375
vt 0.6015625 0.828125
vt 0.6328125 0.828125
vt 0.6328125 0.7578125
vt 0.6015625 0.7578125
vt 0.59375 0.828125
vt 0.6015625 0.828125
vt 0.6015625 0.7578125
vt 0.59375 0.7578125
vt 0.640625 0.828125
vt 0.671875 0.828125
vt 0.671875 0.7578125
vt 0.640625 0.7578125
vt 0.6328125 0.828125
vt 0.640625 0.828125
vt 0.640625 0.7578125
vt 0.6328125 0.7578125
vt 0.6328125 0.828125
vt 0.6015625 0.828125
vt 0.6015625 0.8359375
vt 0.6328125 0.8359375
vt 0.6640625 0.8359375
vt 0.6328125 0.8359375
vt 0.6328125 0.828125
vt 0.6640625 0.828125
vn 0 0 -1
vn 1 0 0
vn 0 0 1
vn -1 0 0
vn 0 1 0
vn 0 -1 0
usemtl m_aad9b663-e4ab-48be-4205-673054ad3f92
f 164/484/121 167/483/121 165/482/121 162/481/121
f 163/488/122 164/487/122 162/486/122 161/485/122
f 168/492/123 163/491/123 161/490/123 166/489/123
f 167/496/124 168/495/124 166/494/124 165/493/124
f 166/500/125 161/499/125 162/498/125 165/497/125
f 167/504/126 164/503/126 163/502/126 168/501/126
o rightleg1
v 0.25 0.125 -0.0062500000000000056
v 0.25 0.125 -0.13125
v 0.25 -0.0625 -0.0062500000000000056
v 0.25 -0.0625 -0.13125
v 0 0.125 -0.13125
v 0 0.125 -0.0062500000000000056
v 0 -0.0625 -0.13125
v 0 -0.0625 -0.0062500000000000056
vt 0.6015625 0.25
vt 0.6328125 0.25
vt 0.6328125 0.2265625
vt 0.6015625 0.2265625
vt 0.5859375 0.25
vt 0.6015625 0.25
vt 0.6015625 0.2265625
vt 0.5859375 0.2265625
vt 0.6484375 0.25
vt 0.6796875 0.25
vt 0.6796875 0.2265625
vt 0.6484375 0.2265625
vt 0.6328125 0.25
vt 0.6484375 0.25
vt 0.6484375 0.2265625
vt 0.6328125 0.2265625
vt 0.6328125 0.25
vt 0.6015625 0.25
vt 0.6015625 0.265625
vt 0.6328125 0.265625
vt 0.6640625 0.265625
vt 0.6328125 0.265625
vt 0.6328125 0.25
vt 0.6640625 0.25
vn 0 0 -1
vn 1 0 0
vn 0 0 1
vn -1 0 0
vn 0 1 0
vn 0 -1 0
usemtl m_aad9b663-e4ab-48be-4205-673054ad3f92
f 172/508/127 175/507/127 173/506/127 170/505/127
f 171/512/128 172/511/128 170/510/128 169/509/128
f 176/516/129 171/515/129 169/514/129 174/513/129
f 175/520/130 176/519/130 174/518/130 173/517/130
f 174/524/131 169/523/131 170/522/131 173/521/131
f 175/528/132 172/527/132 171/526/132 176/525/132
o rightleg1
v 0.25625 0.125 0.125
v 0.25625 0.125 -0.125
v 0.25625 -0.0625 0.125
v 0.25625 -0.0625 -0.125
v 0.19374999999999998 0.125 -0.125
v 0.19374999999999998 0.125 0.125
v 0.19374999999999998 -0.0625 -0.125
v 0.19374999999999998 -0.0625 0.125
vt 0.8046875 0.234375
vt 0.8125 0.234375
vt 0.8125 0.2109375
vt 0.8046875 0.2109375
vt 0.7734375 0.234375
vt 0.8046875 0.234375
vt 0.8046875 0.2109375
vt 0.7734375 0.2109375
vt 0.84375 0.234375
vt 0.8515625 0.234375
vt 0.8515625 0.2109375
vt 0.84375 0.2109375
vt 0.8125 0.234375
vt 0.84375 0.234375
vt 0.84375 0.2109375
vt 0.8125 0.2109375
vt 0.8125 0.234375
vt 0.8046875 0.234375
vt 0.8046875 0.265625
vt 0.8125 0.265625
vt 0.8203125 0.265625
vt 0.8125 0.265625
vt 0.8125 0.234375
vt 0.8203125 0.234375
vn 0 0 -1
vn 1 0 0
vn 0 0 1
vn -1 0 0
vn 0 1 0
vn 0 -1 0
usemtl m_aad9b663-e4ab-48be-4205-673054ad3f92
f 180/532/133 183/531/133 181/530/133 178/529/133
f 179/536/134 180/535/134 178/534/134 177/533/134
f 184/540/135 179/539/135 177/538/135 182/537/135
f 183/544/136 184/543/136 182/542/136 181/541/136
f 182/548/137 177/547/137 178/546/137 181/545/137
f 183/552/138 180/551/138 179/550/138 184/549/138
o rightleg1
v 0.25 0.125 0.13125
v 0.25 0.125 0.0062500000000000056
v 0.25 -0.0625 0.13125
v 0.25 -0.0625 0.0062500000000000056
v 0 0.125 0.0062500000000000056
v 0 0.125 0.13125
v 0 -0.0625 0.0062500000000000056
v 0 -0.0625 0.13125
vt 0.5078125 0.25
vt 0.5390625 0.25
vt 0.5390625 0.2265625
vt 0.5078125 0.2265625
vt 0.4921875 0.25
vt 0.5078125 0.25
vt 0.5078125 0.2265625
vt 0.4921875 0.2265625
vt 0.5546875 0.25
vt 0.5859375 0.25
vt 0.5859375 0.2265625
vt 0.5546875 0.2265625
vt 0.5390625 0.25
vt 0.5546875 0.25
vt 0.5546875 0.2265625
vt 0.5390625 0.2265625
vt 0.5390625 0.25
vt 0.5078125 0.25
vt 0.5078125 0.265625
vt 0.5390625 0.265625
vt 0.5703125 0.265625
vt 0.5390625 0.265625
vt 0.5390625 0.25
vt 0.5703125 0.25
vn 0 0 -1
vn 1 0 0
vn 0 0 1
vn -1 0 0
vn 0 1 0
vn 0 -1 0
usemtl m_aad9b663-e4ab-48be-4205-673054ad3f92
f 188/556/139 191/555/139 189/554/139 186/553/139
f 187/560/140 188/559/140 186/558/140 185/557/140
f 192/564/141 187/563/141 185/562/141 190/561/141
f 191/568/142 192/567/142 190/566/142 189/565/142
f 190/572/143 185/571/143 186/570/143 189/569/143
f 191/576/144 188/575/144 187/574/144 192/573/144
o rightleg1
v 0.056249999999999994 0.125 0.125
v 0.056249999999999994 0.125 -0.125
v 0.056249999999999994 -0.0625 0.125
v 0.056249999999999994 -0.0625 -0.125
v -0.0062500000000000056 0.125 -0.125
v -0.0062500000000000056 0.125 0.125
v -0.0062500000000000056 -0.0625 -0.125
v -0.0062500000000000056 -0.0625 0.125
vt 0.71875 0.234375
vt 0.7265625 0.234375
vt 0.7265625 0.2109375
vt 0.71875 0.2109375
vt 0.6875 0.234375
vt 0.71875 0.234375
vt 0.71875 0.2109375
vt 0.6875 0.2109375
vt 0.7578125 0.234375
vt 0.765625 0.234375
vt 0.765625 0.2109375
vt 0.7578125 0.2109375
vt 0.7265625 0.234375
vt 0.7578125 0.234375
vt 0.7578125 0.2109375
vt 0.7265625 0.2109375
vt 0.7265625 0.234375
vt 0.71875 0.234375
vt 0.71875 0.265625
vt 0.7265625 0.265625
vt 0.734375 0.265625
vt 0.7265625 0.265625
vt 0.7265625 0.234375
vt 0.734375 0.234375
vn 0 0 -1
vn 1 0 0
vn 0 0 1
vn -1 0 0
vn 0 1 0
vn 0 -1 0
usemtl m_aad9b663-e4ab-48be-4205-673054ad3f92
f 196/580/145 199/579/145 197/578/145 194/577/145
f 195/584/146 196/583/146 194/582/146 193/581/146
f 200/588/147 195/587/147 193/586/147 198/585/147
f 199/592/148 200/591/148 198/590/148 197/589/148
f 198/596/149 193/595/149 194/594/149 197/593/149
f 199/600/150 196/599/150 195/598/150 200/597/150
o rightleg1
v 0.25 -0.0006249999999999867 0.125
v 0.25 -0.0006249999999999867 -0.125
v 0.25 -0.06312499999999999 0.125
v 0.25 -0.06312499999999999 -0.125
v 0 -0.0006249999999999867 -0.125
v 0 -0.0006249999999999867 0.125
v 0 -0.06312499999999999 -0.125
v 0 -0.06312499999999999 0.125
vt 0.5234375 0.1796875
vt 0.5546875 0.1796875
vt 0.5546875 0.171875
vt 0.5234375 0.171875
vt 0.4921875 0.1796875
vt 0.5234375 0.1796875
vt 0.5234375 0.171875
vt 0.4921875 0.171875
vt 0.5859375 0.1796875
vt 0.6171875 0.1796875
vt 0.6171875 0.171875
vt 0.5859375 0.171875
vt 0.5546875 0.1796875
vt 0.5859375 0.1796875
vt 0.5859375 0.171875
vt 0.5546875 0.171875
vt 0.5546875 0.1796875
vt 0.5234375 0.1796875
vt 0.5234375 0.2109375
vt 0.5546875 0.2109375
vt 0.5859375 0.2109375
vt 0.5546875 0.2109375
vt 0.5546875 0.1796875
vt 0.5859375 0.1796875
vn 0 0 -1
vn 1 0 0
vn 0 0 1
vn -1 0 0
vn 0 1 0
vn 0 -1 0
usemtl m_aad9b663-e4ab-48be-4205-673054ad3f92
f 204/604/151 207/603/151 205/602/151 202/601/151
f 203/608/152 204/607/152 202/606/152 201/605/152
f 208/612/153 203/611/153 201/610/153 206/609/153
f 207/616/154 208/615/154 206/614/154 205/613/154
f 206/620/155 201/619/155 202/618/155 205/617/155
f 207/624/156 204/623/156 203/622/156 208/621/156
o rightleg2
v 0.25607231959529925 0.6881221534941144 0.125
v 0.25607231959529925 0.6881221534941144 -0.125
v 0.27243983327016186 0.37605108066597936 0.125
v 0.27243983327016186 0.37605108066597936 -0.125
v 0.19365810502967223 0.684848650759142 -0.125
v 0.19365810502967223 0.684848650759142 0.125
v 0.21002561870453482 0.37277757793100696 -0.125
v 0.21002561870453482 0.37277757793100696 0.125
vt 0.65625 0.3359375
vt 0.6640625 0.3359375
vt 0.6640625 0.296875
vt 0.65625 0.296875
vt 0.625 0.3359375
vt 0.65625 0.3359375
vt 0.65625 0.296875
vt 0.625 0.296875
vt 0.6953125 0.3359375
vt 0.703125 0.3359375
vt 0.703125 0.296875
vt 0.6953125 0.296875
vt 0.6640625 0.3359375
vt 0.6953125 0.3359375
vt 0.6953125 0.296875
vt 0.6640625 0.296875
vt 0.6640625 0.3359375
vt 0.65625 0.3359375
vt 0.65625 0.3671875
vt 0.6640625 0.3671875
vt 0.671875 0.3671875
vt 0.6640625 0.3671875
vt 0.6640625 0.3359375
vt 0.671875 0.3359375
vn 0 0 -1
vn 0.9986274330500322 0.05237604375956028 0
vn 0 0 1
vn -0.9986274330500322 -0.05237604375956028 0
vn -0.05237604375956028 0.9986274330500322 0
vn 0.05237604375956028 -0.9986274330500322 0
usemtl m_aad9b663-e4ab-48be-4205-673054ad3f92
f 212/628/157 215/627/157 213/626/157 210/625/157
f 211/632/158 212/631/158 210/630/158 209/629/158
f 216/636/159 211/635/159 209/634/159 214/633/159
f 215/640/160 216/639/160 214/638/160 213/637/160
f 214/644/161 209/643/161 210/642/161 213/641/161
f 215/648/162 212/647/162 211/646/162 216/645/162
o rightleg3
v 0.26863523946603085 0.37431354611414225 0.125
v 0.26863523946603085 0.37431354611414225 -0.125
v 0.264260445936507 0.1243518266817979 0.125
v 0.264260445936507 0.1243518266817979 -0.125
v 0.2061448096079448 0.3754072444965233 -0.125
v 0.2061448096079448 0.3754072444965233 0.125
v 0.20177001607842088 0.12544552506417883 -0.125
v 0.20177001607842088 0.12544552506417883 0.125
vt 0.375 0.328125
vt 0.3828125 0.328125
vt 0.3828125 0.296875
vt 0.375 0.296875
vt 0.34375 0.328125
vt 0.375 0.328125
vt 0.375 0.296875
vt 0.34375 0.296875
vt 0.4140625 0.328125
vt 0.421875 0.328125
vt 0.421875 0.296875
vt 0.4140625 0.296875
vt 0.3828125 0.328125
vt 0.4140625 0.328125
vt 0.4140625 0.296875
vt 0.3828125 0.296875
vt 0.3828125 0.328125
vt 0.375 0.328125
vt 0.375 0.359375
vt 0.3828125 0.359375
vt 0.390625 0.359375
vt 0.3828125 0.359375
vt 0.3828125 0.328125
vt 0.390625 0.328125
vn 0 0 -1
vn 0.9998468777293774 -0.017499174118095737 0
vn 0 0 1
vn -0.9998468777293774 0.017499174118095737 0
vn 0.017499174118095737 0.9998468777293774 0
vn -0.017499174118095737 -0.9998468777293774 0
usemtl m_aad9b663-e4ab-48be-4205-673054ad3f92
f 220/652/163 223/651/163 221/650/163 218/649/163
f 219/656/164 220/655/164 218/654/164 217/653/164
f 224/660/165 219/659/165 217/658/165 222/657/165
f 223/664/166 224/663/166 222/662/166 221/661/166
f 222/668/167 217/667/167 218/666/167 221/665/167
f 223/672/168 220/671/168 219/670/168 224/669/168
o rightleg3
v 0.05620584223698624 0.6855785467277147 0.125
v 0.05620584223698624 0.6855785467277147 -0.125
v 0.04636255679555739 0.12316467800493991 0.125
v 0.04636255679555739 0.12316467800493991 -0.125
v -0.006284587621099846 0.6866722451100957 -0.125
v -0.006284587621099846 0.6866722451100957 0.125
v -0.01612787306252869 0.12425837638732085 -0.125
v -0.01612787306252869 0.12425837638732085 0.125
vt 0.25 0.4375
vt 0.2578125 0.4375
vt 0.2578125 0.3671875
vt 0.25 0.3671875
vt 0.21875 0.4375
vt 0.25 0.4375
vt 0.25 0.3671875
vt 0.21875 0.3671875
vt 0.2890625 0.4375
vt 0.296875 0.4375
vt 0.296875 0.3671875
vt 0.2890625 0.3671875
vt 0.2578125 0.4375
vt 0.2890625 0.4375
vt 0.2890625 0.3671875
vt 0.2578125 0.3671875
vt 0.2578125 0.4375
vt 0.25 0.4375
vt 0.25 0.46875
vt 0.2578125 0.46875
vt 0.265625 0.46875
vt 0.2578125 0.46875
vt 0.2578125 0.4375
vt 0.265625 0.4375
vn 0 0 -1
vn 0.9998468777293774 -0.017499174118095737 0
vn 0 0 1
vn -0.9998468777293774 0.017499174118095737 0
vn 0.017499174118095737 0.9998468777293774 0
vn -0.017499174118095737 -0.9998468777293774 0
usemtl m_aad9b663-e4ab-48be-4205-673054ad3f92
f 228/676/169 231/675/169 229/674/169 226/673/169
f 227/680/170 228/679/170 226/678/170 225/677/170
f 232/684/171 227/683/171 225/682/171 230/681/171
f 231/688/172 232/687/172 230/686/172 229/685/172
f 230/692/173 225/691/173 226/690/173 229/689/173
f 231/696/174 228/695/174 227/694/174 232/693/174
o rightleg4
v 0.2458803265119781 -0.002867544262414534 -0.07385384759063393
v 0.25236342111110854 0.0047509570554943314 -0.1355480768352541
v 0.24667652731632944 -0.06490147399178947 -0.08143062966550779
v 0.2531596219154599 -0.057282972673880606 -0.14312485891012794
v 0.003732431934043101 0.0047509570554943314 -0.16167528910204557
v -0.0027506626650873334 -0.002867544262414534 -0.0999810598574254
v 0.004528632738394434 -0.057282972673880606 -0.16925207117691943
v -0.001954461860736001 -0.06490147399178947 -0.10755784193229927
vt 0.71875 0.890625
vt 0.75 0.890625
vt 0.75 0.8828125
vt 0.71875 0.8828125
vt 0.7109375 0.890625
vt 0.71875 0.890625
vt 0.71875 0.8828125
vt 0.7109375 0.8828125
vt 0.7578125 0.890625
vt 0.7890625 0.890625
vt 0.7890625 0.8828125
vt 0.7578125 0.8828125
vt 0.75 0.890625
vt 0.7578125 0.890625
vt 0.7578125 0.8828125
vt 0.75 0.8828125
vt 0.75 0.890625
vt 0.71875 0.890625
vt 0.71875 0.8984375
vt 0.75 0.8984375
vt 0.78125 0.8984375
vt 0.75 0.8984375
vt 0.75 0.890625
vt 0.78125 0.890625
vn 0.10372951358608666 0.12189602108654238 -0.9871076679139227
vn 0.9945239567082618 -3.469446951953614e-18 0.10450884906716594
vn -0.10372951358608666 -0.12189602108654238 0.9871076679139227
vn -0.9945239567082618 3.469446951953614e-18 -0.10450884906716594
vn -0.012739212869621533 0.9925428756699982 0.12122851319798184
vn 0.012739212869621533 -0.9925428756699982 -0.12122851319798184
usemtl m_aad9b663-e4ab-48be-4205-673054ad3f92
f 236/700/175 239/699/175 237/698/175 234/697/175
f 235/704/176 236/703/176 234/702/176 233/701/176
f 240/708/177 235/707/177 233/706/177 238/705/177
f 239/712/178 240/711/178 238/710/178 237/709/178
f 238/716/179 233/715/179 234/714/179 237/713/179
f 239/720/180 236/719/180 235/718/180 240/717/180
o leftarm1
v -0.44713469735043676 1.491586655790527 0.125
v -0.44713469735043676 1.491586655790527 -0.125
v -0.4635022110252993 1.179515582962392 0.125
v -0.4635022110252993 1.179515582962392 -0.125
v -0.5095489119160638 1.4948601585254995 -0.125
v -0.5095489119160638 1.4948601585254995 0.125
v -0.5259164255909263 1.1827890856973644 -0.125
v -0.5259164255909263 1.1827890856973644 0.125
vt 0.578125 0.3359375
vt 0.5859375 0.3359375
vt 0.5859375 0.296875
vt 0.578125 0.296875
vt 0.546875 0.3359375
vt 0.578125 0.3359375
vt 0.578125 0.296875
vt 0.546875 0.296875
vt 0.6171875 0.3359375
vt 0.625 0.3359375
vt 0.625 0.296875
vt 0.6171875 0.296875
vt 0.5859375 0.3359375
vt 0.6171875 0.3359375
vt 0.6171875 0.296875
vt 0.5859375 0.296875
vt 0.5859375 0.3359375
vt 0.578125 0.3359375
vt 0.578125 0.3671875
vt 0.5859375 0.3671875
vt 0.59375 0.3671875
vt 0.5859375 0.3671875
vt 0.5859375 0.3359375
vt 0.59375 0.3359375
vn 0 0 -1
vn 0.9986274330500322 -0.05237604375956028 0
vn 0 0 1
vn -0.9986274330500322 0.05237604375956028 0
vn 0.05237604375956028 0.9986274330500322 0
vn -0.05237604375956028 -0.9986274330500322 0
usemtl m_aad9b663-e4ab-48be-4205-673054ad3f92
f 244/724/181 247/723/181 245/722/181 242/721/181
f 243/728/182 244/727/182 242/726/182 241/725/182
f 248/732/183 243/731/183 241/730/183 246/729/183
f 247/736/184 248/735/184 246/734/184 245/733/184
f 246/740/185 241/739/185 242/738/185 245/737/185
f 247/744/186 244/743/186 243/742/186 248/741/186
o leftarm1
v -0.23205576255538554 1.1812582255429487 0.125
v -0.23205576255538554 1.1812582255429487 -0.125
v -0.2386027680253306 1.0564297964116947 0.125
v -0.2386027680253306 1.0564297964116947 -0.125
v -0.2944699771210125 1.1845317282779213 -0.125
v -0.2944699771210125 1.1845317282779213 0.125
v -0.3010169825909576 1.0597032991466673 -0.125
v -0.3010169825909576 1.0597032991466673 0.125
vt 0.5 0.296875
vt 0.5078125 0.296875
vt 0.5078125 0.28125
vt 0.5 0.28125
vt 0.46875 0.296875
vt 0.5 0.296875
vt 0.5 0.28125
vt 0.46875 0.28125
vt 0.5390625 0.296875
vt 0.546875 0.296875
vt 0.546875 0.28125
vt 0.5390625 0.28125
vt 0.5078125 0.296875
vt 0.5390625 0.296875
vt 0.5390625 0.28125
vt 0.5078125 0.28125
vt 0.5078125 0.296875
vt 0.5 0.296875
vt 0.5 0.328125
vt 0.5078125 0.328125
vt 0.515625 0.328125
vt 0.5078125 0.328125
vt 0.5078125 0.296875
vt 0.515625 0.296875
vn 0 0 -1
vn 0.9986274330500322 -0.05237604375956028 0
vn 0 0 1
vn -0.9986274330500322 0.05237604375956028 0
vn 0.05237604375956028 0.9986274330500322 0
vn -0.05237604375956028 -0.9986274330500322 0
usemtl m_aad9b663-e4ab-48be-4205-673054ad3f92
f 252/748/187 255/747/187 253/746/187 250/745/187
f 251/752/188 252/751/188 250/750/188 249/749/188
f 256/756/189 251/755/189 249/754/189 254/753/189
f 255/760/190 256/759/190 254/758/190 253/757/190
f 254/764/191 249/763/191 250/762/191 253/761/191
f 255/768/192 252/767/192 251/766/192 256/765/192
o leftarm2
v -0.24468163649520508 1.493876265935558 0.125
v -0.24468163649520508 1.493876265935558 -0.125
v -0.2337776150918413 1.1815665601670131 0.125
v -0.2337776150918413 1.1815665601670131 -0.125
v -0.30714357764891403 1.4916954616548854 -0.125
v -0.30714357764891403 1.4916954616548854 0.125
v -0.29623955624555026 1.1793857558863405 -0.125
v -0.29623955624555026 1.1793857558863405 0.125
vt 0.25 0.3359375
vt 0.2578125 0.3359375
vt 0.2578125 0.296875
vt 0.25 0.296875
vt 0.21875 0.3359375
vt 0.25 0.3359375
vt 0.25 0.296875
vt 0.21875 0.296875
vt 0.2890625 0.3359375
vt 0.296875 0.3359375
vt 0.296875 0.296875
vt 0.2890625 0.296875
vt 0.2578125 0.3359375
vt 0.2890625 0.3359375
vt 0.2890625 0.296875
vt 0.2578125 0.296875
vt 0.2578125 0.3359375
vt 0.25 0.3359375
vt 0.25 0.3671875
vt 0.2578125 0.3671875
vt 0.265625 0.3671875
vt 0.2578125 0.3671875
vt 0.2578125 0.3359375
vt 0.265625 0.3359375
vn 0 0 -1
vn 0.9993910584593432 0.03489286849076409 0
vn 0 0 1
vn -0.9993910584593432 -0.03489286849076409 0
vn -0.03489286849076409 0.9993910584593432 0
vn 0.03489286849076409 -0.9993910584593432 0
usemtl m_aad9b663-e4ab-48be-4205-673054ad3f92
f 260/772/193 263/771/193 261/770/193 258/769/193
f 259/776/194 260/775/194 258/774/194 257/773/194
f 264/780/195 259/779/195 257/778/195 262/777/195
f 263/784/196 264/783/196 262/782/196 261/781/196
f 262/788/197 257/787/197 258/786/197 261/785/197
f 263/792/198 260/791/198 259/790/198 264/789/198
o leftarm2
v -0.4635270420995944 1.1839889186993402 0.125
v -0.4635270420995944 1.1839889186993402 -0.125
v -0.4591654335382489 1.0590650363919223 0.125
v -0.4591654335382489 1.0590650363919223 -0.125
v -0.5259889832533033 1.1818081144186674 -0.125
v -0.5259889832533033 1.1818081144186674 0.125
v -0.5216273746919577 1.0568842321112495 -0.125
v -0.5216273746919577 1.0568842321112495 0.125
vt 0.296875 0.296875
vt 0.3046875 0.296875
vt 0.3046875 0.28125
vt 0.296875 0.28125
vt 0.265625 0.296875
vt 0.296875 0.296875
vt 0.296875 0.28125
vt 0.265625 0.28125
vt 0.3359375 0.296875
vt 0.34375 0.296875
vt 0.34375 0.28125
vt 0.3359375 0.28125
vt 0.3046875 0.296875
vt 0.3359375 0.296875
vt 0.3359375 0.28125
vt 0.3046875 0.28125
vt 0.3046875 0.296875
vt 0.296875 0.296875
vt 0.296875 0.328125
vt 0.3046875 0.328125
vt 0.3125 0.328125
vt 0.3046875 0.328125
vt 0.3046875 0.296875
vt 0.3125 0.296875
vn 0 0 -1
vn 0.9993910584593432 0.03489286849076409 0
vn 0 0 1
vn -0.9993910584593432 -0.03489286849076409 0
vn -0.03489286849076409 0.9993910584593432 0
vn 0.03489286849076409 -0.9993910584593432 0
usemtl m_aad9b663-e4ab-48be-4205-673054ad3f92
f 268/796/199 271/795/199 269/794/199 266/793/199
f 267/800/200 268/799/200 266/798/200 265/797/200
f 272/804/201 267/803/201 265/802/201 270/801/201
f 271/808/202 272/807/202 270/806/202 269/805/202
f 270/812/203 265/811/203 266/810/203 269/809/203
f 271/816/204 268/815/204 267/814/204 272/813/204
o leftarm3
v -0.2461168583924512 1.4933818942917403 -0.08312259623493687
v -0.25047515441652 1.4944755926741213 -0.145460859601949
v -0.24649824969687065 1.1809297450013099 -0.0885777721682577
v -0.25085654572093946 1.182023443383691 -0.1509160355352698
v -0.4998663952376363 1.4944755926741213 -0.12802500568813224
v -0.49550809921356753 1.4933818942917403 -0.06568674232112014
v -0.5002477865420558 1.182023443383691 -0.13348018162145306
v -0.495889490517987 1.1809297450013099 -0.07114191825444095
vt 0.6796875 0.8359375
vt 0.7109375 0.8359375
vt 0.7109375 0.796875
vt 0.6796875 0.796875
vt 0.671875 0.8359375
vt 0.6796875 0.8359375
vt 0.6796875 0.796875
vt 0.671875 0.796875
vt 0.71875 0.8359375
vt 0.75 0.8359375
vt 0.75 0.796875
vt 0.71875 0.796875
vt 0.7109375 0.8359375
vt 0.71875 0.8359375
vt 0.71875 0.796875
vt 0.7109375 0.796875
vt 0.7109375 0.8359375
vt 0.6796875 0.8359375
vt 0.6796875 0.84375
vt 0.7109375 0.84375
vt 0.7421875 0.84375
vt 0.7109375 0.84375
vt 0.7109375 0.8359375
vt 0.7421875 0.8359375
vn -0.06973273638510084 0.01749917411809574 -0.9974122138721937
vn 0.9975649632844654 4.336808689942018e-19 -0.06974341565526697
vn 0.06973273638510084 -0.01749917411809574 0.9974122138721937
vn -0.9975649632844654 -4.336808689942018e-19 0.06974341565526697
vn 0.001220452174142241 0.9998468777293774 0.017456562986626643
vn -0.001220452174142241 -0.9998468777293774 -0.017456562986626643
usemtl m_aad9b663-e4ab-48be-4205-673054ad3f92
f 276/820/205 279/819/205 277/818/205 274/817/205
f 275/824/206 276/823/206 274/822/206 273/821/206
f 280/828/207 275/827/207 273/826/207 278/825/207
f 279/832/208 280/831/208 278/830/208 277/829/208
f 278/836/209 273/835/209 274/834/209 277/833/209
f 279/840/210 276/839/210 275/838/210 280/837/210
o leftarm4
v -0.2483697847821599 1.1858007879224493 -0.08988475375639346
v -0.25163531641778436 1.181441824443995 -0.15214698741798188
v -0.24791317425837223 1.061105167511891 -0.08117879273789838
v -0.25117870589399666 1.0567462040334368 -0.14344102639948683
v -0.5012921746802924 1.181441824443995 -0.13905297647809184
v -0.4980266430446679 1.1858007879224493 -0.07679074281650339
v -0.5008355641565048 1.0567462040334368 -0.13034701545959676
v -0.4975700325208803 1.061105167511891 -0.06808478179800831
vt 0.7109375 0.7265625
vt 0.7421875 0.7265625
vt 0.7421875 0.7109375
vt 0.7109375 0.7109375
vt 0.703125 0.7265625
vt 0.7109375 0.7265625
vt 0.7109375 0.7109375
vt 0.703125 0.7109375
vt 0.75 0.7265625
vt 0.78125 0.7265625
vt 0.78125 0.7109375
vt 0.75 0.7109375
vt 0.7421875 0.7265625
vt 0.75 0.7265625
vt 0.75 0.7109375
vt 0.7421875 0.7109375
vt 0.7421875 0.7265625
vt 0.7109375 0.7265625
vt 0.7109375 0.734375
vt 0.7421875 0.734375
vt 0.7734375 0.734375
vt 0.7421875 0.734375
vt 0.7421875 0.7265625
vt 0.7734375 0.7265625
vn -0.052248506169991306 -0.06974341565526697 -0.9961957385854154
vn 0.9986274330500322 4.336808689942018e-19 -0.05237604375956028
vn 0.052248506169991306 0.06974341565526697 0.9961957385854154
vn -0.9986274330500322 -4.336808689942018e-19 0.05237604375956028
vn -0.0036528841903014633 0.9975649632844655 -0.06964768814796067
vn 0.0036528841903014633 -0.9975649632844655 0.06964768814796067
usemtl m_aad9b663-e4ab-48be-4205-673054ad3f92
f 284/844/211 287/843/211 285/842/211 282/841/211
f 283/848/212 284/847/212 282/846/212 281/845/212
f 288/852/213 283/851/213 281/850/213 286/849/213
f 287/856/214 288/855/214 286/854/214 285/853/214
f 286/860/215 281/859/215 282/858/215 285/857/215
f 287/864/216 284/863/216 283/862/216 288/861/216
o leftarm5
v -0.25 1.496875 0.1375
v -0.25 1.496875 0.07500000000000001
v -0.25 1.059375 0.1375
v -0.25 1.059375 0.07500000000000001
v -0.5 1.496875 0.07500000000000001
v -0.5 1.496875 0.1375
v -0.5 1.059375 0.07500000000000001
v -0.5 1.059375 0.1375
vt 0.0859375 0.3359375
vt 0.1171875 0.3359375
vt 0.1171875 0.28125
vt 0.0859375 0.28125
vt 0.078125 0.3359375
vt 0.0859375 0.3359375
vt 0.0859375 0.28125
vt 0.078125 0.28125
vt 0.125 0.3359375
vt 0.15625 0.3359375
vt 0.15625 0.28125
vt 0.125 0.28125
vt 0.1171875 0.3359375
vt 0.125 0.3359375
vt 0.125 0.28125
vt 0.1171875 0.28125
vt 0.1171875 0.3359375
vt 0.0859375 0.3359375
vt 0.0859375 0.34375
vt 0.1171875 0.34375
vt 0.1484375 0.34375
vt 0.1171875 0.34375
vt 0.1171875 0.3359375
vt 0.1484375 0.3359375
vn 0 0 -1
vn 1 0 0
vn 0 0 1
vn -1 0 0
vn 0 1 0
vn 0 -1 0
usemtl m_aad9b663-e4ab-48be-4205-673054ad3f92
f 292/868/217 295/867/217 293/866/217 290/865/217
f 291/872/218 292/871/218 290/870/218 289/869/218
f 296/876/219 291/875/219 289/874/219 294/873/219
f 295/880/220 296/879/220 294/878/220 293/877/220
f 294/884/221 289/883/221 290/882/221 293/881/221
f 295/888/222 292/887/222 291/886/222 296/885/222
o leftarm5
v -0.25 1.059375 -0.06875
v -0.25 1.059375 -0.13125
v -0.25 0.996875 -0.06875
v -0.25 0.996875 -0.13125
v -0.5 1.059375 -0.13125
v -0.5 1.059375 -0.06875
v -0.5 0.996875 -0.13125
v -0.5 0.996875 -0.06875
vt 0.71875 0.96875
vt 0.75 0.96875
vt 0.75 0.9609375
vt 0.71875 0.9609375
vt 0.7109375 0.96875
vt 0.71875 0.96875
vt 0.71875 0.9609375
vt 0.7109375 0.9609375
vt 0.7578125 0.96875
vt 0.7890625 0.96875
vt 0.7890625 0.9609375
vt 0.7578125 0.9609375
vt 0.75 0.96875
vt 0.7578125 0.96875
vt 0.7578125 0.9609375
vt 0.75 0.9609375
vt 0.75 0.96875
vt 0.71875 0.96875
vt 0.71875 0.9765625
vt 0.75 0.9765625
vt 0.78125 0.9765625
vt 0.75 0.9765625
vt 0.75 0.96875
vt 0.78125 0.96875
vn 0 0 -1
vn 1 0 0
vn 0 0 1
vn -1 0 0
vn 0 1 0
vn 0 -1 0
usemtl m_aad9b663-e4ab-48be-4205-673054ad3f92
f 300/892/223 303/891/223 301/890/223 298/889/223
f 299/896/224 300/895/224 298/894/224 297/893/224
f 304/900/225 299/899/225 297/898/225 302/897/225
f 303/904/226 304/903/226 302/902/226 301/901/226
f 302/908/227 297/907/227 298/906/227 301/905/227
f 303/912/228 300/911/228 299/910/228 304/909/228
o leftarm5
v -0.25 0.903125 -0.06875
v -0.25 0.903125 -0.13125
v -0.25 0.840625 -0.06875
v -0.25 0.840625 -0.13125
v -0.5 0.903125 -0.13125
v -0.5 0.903125 -0.06875
v -0.5 0.840625 -0.13125
v -0.5 0.840625 -0.06875
vt 0.7109375 0.5859375
vt 0.7421875 0.5859375
vt 0.7421875 0.578125
vt 0.7109375 0.578125
vt 0.703125 0.5859375
vt 0.7109375 0.5859375
vt 0.7109375 0.578125
vt 0.703125 0.578125
vt 0.75 0.5859375
vt 0.78125 0.5859375
vt 0.78125 0.578125
vt 0.75 0.578125
vt 0.7421875 0.5859375
vt 0.75 0.5859375
vt 0.75 0.578125
vt 0.7421875 0.578125
vt 0.7421875 0.5859375
vt 0.7109375 0.5859375
vt 0.7109375 0.59375
vt 0.7421875 0.59375
vt 0.7734375 0.59375
vt 0.7421875 0.59375
vt 0.7421875 0.5859375
vt 0.7734375 0.5859375
vn 0 0 -1
vn 1 0 0
vn 0 0 1
vn -1 0 0
vn 0 1 0
vn 0 -1 0
usemtl m_aad9b663-e4ab-48be-4205-673054ad3f92
f 308/916/229 311/915/229 309/914/229 306/913/229
f 307/920/230 308/919/230 306/918/230 305/917/230
f 312/924/231 307/923/231 305/922/231 310/921/231
f 311/928/232 312/927/232 310/926/232 309/925/232
f 310/932/233 305/931/233 306/930/233 309/929/233
f 311/936/234 308/935/234 307/934/234 312/933/234
o leftarm5
v -0.25 1.059375 0.13125
v -0.25 1.059375 0.06875
v -0.25 0.996875 0.13125
v -0.25 0.996875 0.06875
v -0.5 1.059375 0.06875
v -0.5 1.059375 0.13125
v -0.5 0.996875 0.06875
v -0.5 0.996875 0.13125
vt 0.7109375 0.28125
vt 0.7421875 0.28125
vt 0.7421875 0.2734375
vt 0.7109375 0.2734375
vt 0.703125 0.28125
vt 0.7109375 0.28125
vt 0.7109375 0.2734375
vt 0.703125 0.2734375
vt 0.75 0.28125
vt 0.78125 0.28125
vt 0.78125 0.2734375
vt 0.75 0.2734375
vt 0.7421875 0.28125
vt 0.75 0.28125
vt 0.75 0.2734375
vt 0.7421875 0.2734375
vt 0.7421875 0.28125
vt 0.7109375 0.28125
vt 0.7109375 0.2890625
vt 0.7421875 0.2890625
vt 0.7734375 0.2890625
vt 0.7421875 0.2890625
vt 0.7421875 0.28125
vt 0.7734375 0.28125
vn 0 0 -1
vn 1 0 0
vn 0 0 1
vn -1 0 0
vn 0 1 0
vn 0 -1 0
usemtl m_aad9b663-e4ab-48be-4205-673054ad3f92
f 316/940/235 319/939/235 317/938/235 314/937/235
f 315/944/236 316/943/236 314/942/236 313/941/236
f 320/948/237 315/947/237 313/946/237 318/945/237
f 319/952/238 320/951/238 318/950/238 317/949/238
f 318/956/239 313/955/239 314/954/239 317/953/239
f 319/960/240 316/959/240 315/958/240 320/957/240
o leftarm5
v -0.25 0.903125 0.13125
v -0.25 0.903125 0.06875
v -0.25 0.840625 0.13125
v -0.25 0.840625 0.06875
v -0.5 0.903125 0.06875
v -0.5 0.903125 0.13125
v -0.5 0.840625 0.06875
v -0.5 0.840625 0.13125
vt 0.7109375 0.703125
vt 0.7421875 0.703125
vt 0.7421875 0.6953125
vt 0.7109375 0.6953125
vt 0.703125 0.703125
vt 0.7109375 0.703125
vt 0.7109375 0.6953125
vt 0.703125 0.6953125
vt 0.75 0.703125
vt 0.78125 0.703125
vt 0.78125 0.6953125
vt 0.75 0.6953125
vt 0.7421875 0.703125
vt 0.75 0.703125
vt 0.75 0.6953125
vt 0.7421875 0.6953125
vt 0.7421875 0.703125
vt 0.7109375 0.703125
vt 0.7109375 0.7109375
vt 0.7421875 0.7109375
vt 0.7734375 0.7109375
vt 0.7421875 0.7109375
vt 0.7421875 0.703125
vt 0.7734375 0.703125
vn 0 0 -1
vn 1 0 0
vn 0 0 1
vn -1 0 0
vn 0 1 0
vn 0 -1 0
usemtl m_aad9b663-e4ab-48be-4205-673054ad3f92
f 324/964/241 327/963/241 325/962/241 322/961/241
f 323/968/242 324/967/242 322/966/242 321/965/242
f 328/972/243 323/971/243 321/970/243 326/969/243
f 327/976/244 328/975/244 326/974/244 325/973/244
f 326/980/245 321/979/245 322/978/245 325/977/245
f 327/984/246 324/983/246 323/982/246 328/981/246
o leftarm5
v -0.24375000000000002 1.059375 0.125
v -0.24375000000000002 1.059375 -0.125
v -0.24375000000000002 0.996875 0.125
v -0.24375000000000002 0.996875 -0.125
v -0.30625 1.059375 -0.125
v -0.30625 1.059375 0.125
v -0.30625 0.996875 -0.125
v -0.30625 0.996875 0.125
vt 0.7265625 0.625
vt 0.734375 0.625
vt 0.734375 0.6171875
vt 0.7265625 0.6171875
vt 0.6953125 0.625
vt 0.7265625 0.625
vt 0.7265625 0.6171875
vt 0.6953125 0.6171875
vt 0.765625 0.625
vt 0.7734375 0.625
vt 0.7734375 0.6171875
vt 0.765625 0.6171875
vt 0.734375 0.625
vt 0.765625 0.625
vt 0.765625 0.6171875
vt 0.734375 0.6171875
vt 0.734375 0.625
vt 0.7265625 0.625
vt 0.7265625 0.65625
vt 0.734375 0.65625
vt 0.7421875 0.65625
vt 0.734375 0.65625
vt 0.734375 0.625
vt 0.7421875 0.625
vn 0 0 -1
vn 1 0 0
vn 0 0 1
vn -1 0 0
vn 0 1 0
vn 0 -1 0
usemtl m_aad9b663-e4ab-48be-4205-673054ad3f92
f 332/988/247 335/987/247 333/986/247 330/985/247
f 331/992/248 332/991/248 330/990/248 329/989/248
f 336/996/249 331/995/249 329/994/249 334/993/249
f 335/1000/250 336/999/250 334/998/250 333/997/250
f 334/1004/251 329/1003/251 330/1002/251 333/1001/251
f 335/1008/252 332/1007/252 331/1006/252 336/1005/252
o leftarm5
v -0.24375000000000002 0.903125 0.125
v -0.24375000000000002 0.903125 -0.125
v -0.24375000000000002 0.840625 0.125
v -0.24375000000000002 0.840625 -0.125
v -0.30625 0.903125 -0.125
v -0.30625 0.903125 0.125
v -0.30625 0.840625 -0.125
v -0.30625 0.840625 0.125
vt 0.703125 0.296875
vt 0.7109375 0.296875
vt 0.7109375 0.2890625
vt 0.703125 0.2890625
vt 0.671875 0.296875
vt 0.703125 0.296875
vt 0.703125 0.2890625
vt 0.671875 0.2890625
vt 0.7421875 0.296875
vt 0.75 0.296875
vt 0.75 0.2890625
vt 0.7421875 0.2890625
vt 0.7109375 0.296875
vt 0.7421875 0.296875
vt 0.7421875 0.2890625
vt 0.7109375 0.2890625
vt 0.7109375 0.296875
vt 0.703125 0.296875
vt 0.703125 0.328125
vt 0.7109375 0.328125
vt 0.71875 0.328125
vt 0.7109375 0.328125
vt 0.7109375 0.296875
vt 0.71875 0.296875
vn 0 0 -1
vn 1 0 0
vn 0 0 1
vn -1 0 0
vn 0 1 0
vn 0 -1 0
usemtl m_aad9b663-e4ab-48be-4205-673054ad3f92
f 340/1012/253 343/1011/253 341/1010/253 338/1009/253
f 339/1016/254 340/1015/254 338/1014/254 337/1013/254
f 344/1020/255 339/1019/255 337/1018/255 342/1017/255
f 343/1024/256 344/1023/256 342/1022/256 341/1021/256
f 342/1028/257 337/1027/257 338/1026/257 341/1025/257
f 343/1032/258 340/1031/258 339/1030/258 344/1029/258
o leftarm5
v -0.44375 1.059375 0.125
v -0.44375 1.059375 -0.125
v -0.44375 0.996875 0.125
v -0.44375 0.996875 -0.125
v -0.50625 1.059375 -0.125
v -0.50625 1.059375 0.125
v -0.50625 0.996875 -0.125
v -0.50625 0.996875 0.125
vt 0.203125 0.2734375
vt 0.2109375 0.2734375
vt 0.2109375 0.265625
vt 0.203125 0.265625
vt 0.171875 0.2734375
vt 0.203125 0.2734375
vt 0.203125 0.265625
vt 0.171875 0.265625
vt 0.2421875 0.2734375
vt 0.25 0.2734375
vt 0.25 0.265625
vt 0.2421875 0.265625
vt 0.2109375 0.2734375
vt 0.2421875 0.2734375
vt 0.2421875 0.265625
vt 0.2109375 0.265625
vt 0.2109375 0.2734375
vt 0.203125 0.2734375
vt 0.203125 0.3046875
vt 0.2109375 0.3046875
vt 0.21875 0.3046875
vt 0.2109375 0.3046875
vt 0.2109375 0.2734375
vt 0.21875 0.2734375
vn 0 0 -1
vn 1 0 0
vn 0 0 1
vn -1 0 0
vn 0 1 0
vn 0 -1 0
usemtl m_aad9b663-e4ab-48be-4205-673054ad3f92
f 348/1036/259 351/1035/259 349/1034/259 346/1033/259
f 347/1040/260 348/1039/260 346/1038/260 345/1037/260
f 352/1044/261 347/1043/261 345/1042/261 350/1041/261
f 351/1048/262 352/1047/262 350/1046/262 349/1045/262
f 350/1052/263 345/1051/263 346/1050/263 349/1049/263
f 351/1056/264 348/1055/264 347/1054/264 352/1053/264
o leftarm5
v -0.44375 0.903125 0.125
v -0.44375 0.903125 -0.125
v -0.44375 0.840625 0.125
v -0.44375 0.840625 -0.125
v -0.50625 0.903125 -0.125
v -0.50625 0.903125 0.125
v -0.50625 0.840625 -0.125
v -0.50625 0.840625 0.125
vt 0.4375 0.8984375
vt 0.4453125 0.8984375
vt 0.4453125 0.890625
vt 0.4375 0.890625
vt 0.40625 0.8984375
vt 0.4375 0.8984375
vt 0.4375 0.890625
vt 0.40625 0.890625
vt 0.4765625 0.8984375
vt 0.484375 0.8984375
vt 0.484375 0.890625
vt 0.4765625 0.890625
vt 0.4453125 0.8984375
vt 0.4765625 0.8984375
vt 0.4765625 0.890625
vt 0.4453125 0.890625
vt 0.4453125 0.8984375
vt 0.4375 0.8984375
vt 0.4375 0.9296875
vt 0.4453125 0.9296875
vt 0.453125 0.9296875
vt 0.4453125 0.9296875
vt 0.4453125 0.8984375
vt 0.453125 0.8984375
vn 0 0 -1
vn 1 0 0
vn 0 0 1
vn -1 0 0
vn 0 1 0
vn 0 -1 0
usemtl m_aad9b663-e4ab-48be-4205-673054ad3f92
f 356/1060/265 359/1059/265 357/1058/265 354/1057/265
f 355/1064/266 356/1063/266 354/1062/266 353/1061/266
f 360/1068/267 355/1067/267 353/1066/267 358/1065/267
f 359/1072/268 360/1071/268 358/1070/268 357/1069/268
f 358/1076/269 353/1075/269 354/1074/269 357/1073/269
f 359/1080/270 356/1079/270 355/1078/270 360/1077/270
o leftarm6
v -0.44494357439848164 0.8054960625282154 0.09375
v -0.44494357439848164 0.8054960625282154 -0.09375
v -0.43949425405451514 0.7432340764710005 0.09375
v -0.43949425405451514 0.7432340764710005 -0.09375
v -0.5072055604556966 0.8000467421842489 -0.09375
v -0.5072055604556966 0.8000467421842489 0.09375
v -0.5017562401117301 0.737784756127034 -0.09375
v -0.5017562401117301 0.737784756127034 0.09375
vt 0.3203125 0.578125
vt 0.328125 0.578125
vt 0.328125 0.5703125
vt 0.3203125 0.5703125
vt 0.296875 0.578125
vt 0.3203125 0.578125
vt 0.3203125 0.5703125
vt 0.296875 0.5703125
vt 0.3515625 0.578125
vt 0.359375 0.578125
vt 0.359375 0.5703125
vt 0.3515625 0.5703125
vt 0.328125 0.578125
vt 0.3515625 0.578125
vt 0.3515625 0.5703125
vt 0.328125 0.5703125
vt 0.328125 0.578125
vt 0.3203125 0.578125
vt 0.3203125 0.6015625
vt 0.328125 0.6015625
vt 0.3359375 0.6015625
vt 0.328125 0.6015625
vt 0.328125 0.578125
vt 0.3359375 0.578125
vn 0 0 -1
vn 0.9961917769154397 0.08718912550346393 0
vn 0 0 1
vn -0.9961917769154397 -0.08718912550346393 0
vn -0.08718912550346393 0.9961917769154397 0
vn 0.08718912550346393 -0.9961917769154397 0
usemtl m_aad9b663-e4ab-48be-4205-673054ad3f92
f 364/1084/271 367/1083/271 365/1082/271 362/1081/271
f 363/1088/272 364/1087/272 362/1086/272 361/1085/272
f 368/1092/273 363/1091/273 361/1090/273 366/1089/273
f 367/1096/274 368/1095/274 366/1094/274 365/1093/274
f 366/1100/275 361/1099/275 362/1098/275 365/1097/275
f 367/1104/276 364/1103/276 363/1102/276 368/1101/276
o leftarm6
v -0.23869320246165115 0.8867570621066208 0.06875
v -0.23869320246165115 0.8867570621066208 -0.11875
v -0.23324388211768468 0.8244950760494058 0.06875
v -0.23324388211768468 0.8244950760494058 -0.11875
v -0.30095518851886616 0.8813077417626543 -0.11875
v -0.30095518851886616 0.8813077417626543 0.06875
v -0.29550586817489966 0.8190457557054392 -0.11875
v -0.29550586817489966 0.8190457557054392 0.06875
vt 0.2421875 0.578125
vt 0.25 0.578125
vt 0.25 0.5703125
vt 0.2421875 0.5703125
vt 0.21875 0.578125
vt 0.2421875 0.578125
vt 0.2421875 0.5703125
vt 0.21875 0.5703125
vt 0.2734375 0.578125
vt 0.28125 0.578125
vt 0.28125 0.5703125
vt 0.2734375 0.5703125
vt 0.25 0.578125
vt 0.2734375 0.578125
vt 0.2734375 0.5703125
vt 0.25 0.5703125
vt 0.25 0.578125
vt 0.2421875 0.578125
vt 0.2421875 0.6015625
vt 0.25 0.6015625
vt 0.2578125 0.6015625
vt 0.25 0.6015625
vt 0.25 0.578125
vt 0.2578125 0.578125
vn 0 0 -1
vn 0.9961917769154397 0.08718912550346393 0
vn 0 0 1
vn -0.9961917769154397 -0.08718912550346393 0
vn -0.08718912550346393 0.9961917769154397 0
vn 0.08718912550346393 -0.9961917769154397 0
usemtl m_aad9b663-e4ab-48be-4205-673054ad3f92
f 372/1108/277 375/1107/277 373/1106/277 370/1105/277
f 371/1112/278 372/1111/278 370/1110/278 369/1109/278
f 376/1116/279 371/1115/279 369/1114/279 374/1113/279
f 375/1120/280 376/1119/280 374/1118/280 373/1117/280
f 374/1124/281 369/1123/281 370/1122/281 373/1121/281
f 375/1128/282 372/1127/282 371/1126/282 376/1125/282
o leftarm7
v -0.2505006243255741 1.5129473379264036 0.12437500000000001
v -0.2505006243255741 1.5129473379264036 -0.125625
v -0.24831982004490133 1.4504853967726947 0.12437500000000001
v -0.24831982004490133 1.4504853967726947 -0.125625
v -0.5003483889404099 1.5042241208037126 -0.125625
v -0.5003483889404099 1.5042241208037126 0.12437500000000001
v -0.49816758465973715 1.4417621796500038 -0.125625
v -0.49816758465973715 1.4417621796500038 0.12437500000000001
vt 0.5859375 0.625
vt 0.6171875 0.625
vt 0.6171875 0.6171875
vt 0.5859375 0.6171875
vt 0.5546875 0.625
vt 0.5859375 0.625
vt 0.5859375 0.6171875
vt 0.5546875 0.6171875
vt 0.6484375 0.625
vt 0.6796875 0.625
vt 0.6796875 0.6171875
vt 0.6484375 0.6171875
vt 0.6171875 0.625
vt 0.6484375 0.625
vt 0.6484375 0.6171875
vt 0.6171875 0.6171875
vt 0.6171875 0.625
vt 0.5859375 0.625
vt 0.5859375 0.65625
vt 0.6171875 0.65625
vt 0.6484375 0.65625
vt 0.6171875 0.65625
vt 0.6171875 0.625
vt 0.6484375 0.625
vn 0 0 -1
vn 0.9993910584593432 0.03489286849076409 0
vn 0 0 1
vn -0.9993910584593432 -0.03489286849076409 0
vn -0.03489286849076409 0.9993910584593432 0
vn 0.03489286849076409 -0.9993910584593432 0
usemtl m_aad9b663-e4ab-48be-4205-673054ad3f92
f 380/1132/283 383/1131/283 381/1130/283 378/1129/283
f 379/1136/284 380/1135/284 378/1134/284 377/1133/284
f 384/1140/285 379/1139/285 377/1138/285 382/1137/285
f 383/1144/286 384/1143/286 382/1142/286 381/1141/286
f 382/1148/287 377/1147/287 378/1146/287 381/1145/287
f 383/1152/288 380/1151/288 379/1150/288 384/1149/288
o rightarm1
v 0.5 1.059375 -0.06875
v 0.5 1.059375 -0.13125
v 0.5 0.996875 -0.06875
v 0.5 0.996875 -0.13125
v 0.25 1.059375 -0.13125
v 0.25 1.059375 -0.06875
v 0.25 0.996875 -0.13125
v 0.25 0.996875 -0.06875
vt 0.6328125 0.28125
vt 0.6640625 0.28125
vt 0.6640625 0.2734375
vt 0.6328125 0.2734375
vt 0.625 0.28125
vt 0.6328125 0.28125
vt 0.6328125 0.2734375
vt 0.625 0.2734375
vt 0.671875 0.28125
vt 0.703125 0.28125
vt 0.703125 0.2734375
vt 0.671875 0.2734375
vt 0.6640625 0.28125
vt 0.671875 0.28125
vt 0.671875 0.2734375
vt 0.6640625 0.2734375
vt 0.6640625 0.28125
vt 0.6328125 0.28125
vt 0.6328125 0.2890625
vt 0.6640625 0.2890625
vt 0.6953125 0.2890625
vt 0.6640625 0.2890625
vt 0.6640625 0.28125
vt 0.6953125 0.28125
vn 0 0 -1
vn 1 0 0
vn 0 0 1
vn -1 0 0
vn 0 1 0
vn 0 -1 0
usemtl m_aad9b663-e4ab-48be-4205-673054ad3f92
f 388/1156/289 391/1155/289 389/1154/289 386/1153/289
f 387/1160/290 388/1159/290 386/1158/290 385/1157/290
f 392/1164/291 387/1163/291 385/1162/291 390/1161/291
f 391/1168/292 392/1167/292 390/1166/292 389/1165/292
f 390/1172/293 385/1171/293 386/1170/293 389/1169/293
f 391/1176/294 388/1175/294 387/1174/294 392/1173/294
o rightarm1
v 0.5 0.903125 -0.06875
v 0.5 0.903125 -0.13125
v 0.5 0.840625 -0.06875
v 0.5 0.840625 -0.13125
v 0.25 0.903125 -0.13125
v 0.25 0.903125 -0.06875
v 0.25 0.840625 -0.13125
v 0.25 0.840625 -0.06875
vt 0.7109375 0.4765625
vt 0.7421875 0.4765625
vt 0.7421875 0.46875
vt 0.7109375 0.46875
vt 0.703125 0.4765625
vt 0.7109375 0.4765625
vt 0.7109375 0.46875
vt 0.703125 0.46875
vt 0.75 0.4765625
vt 0.78125 0.4765625
vt 0.78125 0.46875
vt 0.75 0.46875
vt 0.7421875 0.4765625
vt 0.75 0.4765625
vt 0.75 0.46875
vt 0.7421875 0.46875
vt 0.7421875 0.4765625
vt 0.7109375 0.4765625
vt 0.7109375 0.484375
vt 0.7421875 0.484375
vt 0.7734375 0.484375
vt 0.7421875 0.484375
vt 0.7421875 0.4765625
vt 0.7734375 0.4765625
vn 0 0 -1
vn 1 0 0
vn 0 0 1
vn -1 0 0
vn 0 1 0
vn 0 -1 0
usemtl m_aad9b663-e4ab-48be-4205-673054ad3f92
f 396/1180/295 399/1179/295 397/1178/295 394/1177/295
f 395/1184/296 396/1183/296 394/1182/296 393/1181/296
f 400/1188/297 395/1187/297 393/1186/297 398/1185/297
f 399/1192/298 400/1191/298 398/1190/298 397/1189/298
f 398/1196/299 393/1195/299 394/1194/299 397/1193/299
f 399/1200/300 396/1199/300 395/1198/300 400/1197/300
o rightarm1
v 0.5 1.059375 0.13125
v 0.5 1.059375 0.06875
v 0.5 0.996875 0.13125
v 0.5 0.996875 0.06875
v 0.25 1.059375 0.06875
v 0.25 1.059375 0.13125
v 0.25 0.996875 0.06875
v 0.25 0.996875 0.13125
vt 0.7109375 0.4609375
vt 0.7421875 0.4609375
vt 0.7421875 0.453125
vt 0.7109375 0.453125
vt 0.703125 0.4609375
vt 0.7109375 0.4609375
vt 0.7109375 0.453125
vt 0.703125 0.453125
vt 0.75 0.4609375
vt 0.78125 0.4609375
vt 0.78125 0.453125
vt 0.75 0.453125
vt 0.7421875 0.4609375
vt 0.75 0.4609375
vt 0.75 0.453125
vt 0.7421875 0.453125
vt 0.7421875 0.4609375
vt 0.7109375 0.4609375
vt 0.7109375 0.46875
vt 0.7421875 0.46875
vt 0.7734375 0.46875
vt 0.7421875 0.46875
vt 0.7421875 0.4609375
vt 0.7734375 0.4609375
vn 0 0 -1
vn 1 0 0
vn 0 0 1
vn -1 0 0
vn 0 1 0
vn 0 -1 0
usemtl m_aad9b663-e4ab-48be-4205-673054ad3f92
f 404/1204/301 407/1203/301 405/1202/301 402/1201/301
f 403/1208/302 404/1207/302 402/1206/302 401/1205/302
f 408/1212/303 403/1211/303 401/1210/303 406/1209/303
f 407/1216/304 408/1215/304 406/1214/304 405/1213/304
f 406/1220/305 401/1219/305 402/1218/305 405/1217/305
f 407/1224/306 404/1223/306 403/1222/306 408/1221/306
o rightarm1
v 0.5 0.903125 0.13125
v 0.5 0.903125 0.06875
v 0.5 0.840625 0.13125
v 0.5 0.840625 0.06875
v 0.25 0.903125 0.06875
v 0.25 0.903125 0.13125
v 0.25 0.840625 0.06875
v 0.25 0.840625 0.13125
vt 0.7109375 0.4921875
vt 0.7421875 0.4921875
vt 0.7421875 0.484375
vt 0.7109375 0.484375
vt 0.703125 0.4921875
vt 0.7109375 0.4921875
vt 0.7109375 0.484375
vt 0.703125 0.484375
vt 0.75 0.4921875
vt 0.78125 0.4921875
vt 0.78125 0.484375
vt 0.75 0.484375
vt 0.7421875 0.4921875
vt 0.75 0.4921875
vt 0.75 0.484375
vt 0.7421875 0.484375
vt 0.7421875 0.4921875
vt 0.7109375 0.4921875
vt 0.7109375 0.5
vt 0.7421875 0.5
vt 0.7734375 0.5
vt 0.7421875 0.5
vt 0.7421875 0.4921875
vt 0.7734375 0.4921875
vn 0 0 -1
vn 1 0 0
vn 0 0 1
vn -1 0 0
vn 0 1 0
vn 0 -1 0
usemtl m_aad9b663-e4ab-48be-4205-673054ad3f92
f 412/1228/307 415/1227/307 413/1226/307 410/1225/307
f 411/1232/308 412/1231/308 410/1230/308 409/1229/308
f 416/1236/309 411/1235/309 409/1234/309 414/1233/309
f 415/1240/310 416/1239/310 414/1238/310 413/1237/310
f 414/1244/311 409/1243/311 410/1242/311 413/1241/311
f 415/1248/312 412/1247/312 411/1246/312 416/1245/312
o rightarm1
v 0.5 1.496875 0.1375
v 0.5 1.496875 0.07500000000000001
v 0.5 1.059375 0.1375
v 0.5 1.059375 0.07500000000000001
v 0.25 1.496875 0.07500000000000001
v 0.25 1.496875 0.1375
v 0.25 1.059375 0.07500000000000001
v 0.25 1.059375 0.1375
vt 0.6171875 0.75
vt 0.6484375 0.75
vt 0.6484375 0.6953125
vt 0.6171875 0.6953125
vt 0.609375 0.75
vt 0.6171875 0.75
vt 0.6171875 0.6953125
vt 0.609375 0.6953125
vt 0.65625 0.75
vt 0.6875 0.75
vt 0.6875 0.6953125
vt 0.65625 0.6953125
vt 0.6484375 0.75
vt 0.65625 0.75
vt 0.65625 0.6953125
vt 0.6484375 0.6953125
vt 0.6484375 0.75
vt 0.6171875 0.75
vt 0.6171875 0.7578125
vt 0.6484375 0.7578125
vt 0.6796875 0.7578125
vt 0.6484375 0.7578125
vt 0.6484375 0.75
vt 0.6796875 0.75
vn 0 0 -1
vn 1 0 0
vn 0 0 1
vn -1 0 0
vn 0 1 0
vn 0 -1 0
usemtl m_aad9b663-e4ab-48be-4205-673054ad3f92
f 420/1252/313 423/1251/313 421/1250/313 418/1249/313
f 419/1256/314 420/1255/314 418/1254/314 417/1253/314
f 424/1260/315 419/1259/315 417/1258/315 422/1257/315
f 423/1264/316 424/1263/316 422/1262/316 421/1261/316
f 422/1268/317 417/1267/317 418/1266/317 421/1265/317
f 423/1272/318 420/1271/318 419/1270/318 424/1269/318
o rightarm1
v 0.3 1.496875 0.125
v 0.3 1.496875 -0.125
v 0.3 1.059375 0.125
v 0.3 1.059375 -0.125
v 0.2375 1.496875 -0.125
v 0.2375 1.496875 0.125
v 0.2375 1.059375 -0.125
v 0.2375 1.059375 0.125
vt 0.109375 0.3984375
vt 0.1171875 0.3984375
vt 0.1171875 0.34375
vt 0.109375 0.34375
vt 0.078125 0.3984375
vt 0.109375 0.3984375
vt 0.109375 0.34375
vt 0.078125 0.34375
vt 0.1484375 0.3984375
vt 0.15625 0.3984375
vt 0.15625 0.34375
vt 0.1484375 0.34375
vt 0.1171875 0.3984375
vt 0.1484375 0.3984375
vt 0.1484375 0.34375
vt 0.1171875 0.34375
vt 0.1171875 0.3984375
vt 0.109375 0.3984375
vt 0.109375 0.4296875
vt 0.1171875 0.4296875
vt 0.125 0.4296875
vt 0.1171875 0.4296875
vt 0.1171875 0.3984375
vt 0.125 0.3984375
vn 0 0 -1
vn 1 0 0
vn 0 0 1
vn -1 0 0
vn 0 1 0
vn 0 -1 0
usemtl m_aad9b663-e4ab-48be-4205-673054ad3f92
f 428/1276/319 431/1275/319 429/1274/319 426/1273/319
f 427/1280/320 428/1279/320 426/1278/320 425/1277/320
f 432/1284/321 427/1283/321 425/1282/321 430/1281/321
f 431/1288/322 432/1287/322 430/1286/322 429/1285/322
f 430/1292/323 425/1291/323 426/1290/323 429/1289/323
f 431/1296/324 428/1295/324 427/1294/324 432/1293/324
o rightarm1
v 0.50625 1.059375 0.125
v 0.50625 1.059375 -0.125
v 0.50625 0.996875 0.125
v 0.50625 0.996875 -0.125
v 0.44375 1.059375 -0.125
v 0.44375 1.059375 0.125
v 0.44375 0.996875 -0.125
v 0.44375 0.996875 0.125
vt 0.7109375 0.9296875
vt 0.71875 0.9296875
vt 0.71875 0.921875
vt 0.7109375 0.921875
vt 0.6796875 0.9296875
vt 0.7109375 0.9296875
vt 0.7109375 0.921875
vt 0.6796875 0.921875
vt 0.75 0.9296875
vt 0.7578125 0.9296875
vt 0.7578125 0.921875
vt 0.75 0.921875
vt 0.71875 0.9296875
vt 0.75 0.9296875
vt 0.75 0.921875
vt 0.71875 0.921875
vt 0.71875 0.9296875
vt 0.7109375 0.9296875
vt 0.7109375 0.9609375
vt 0.71875 0.9609375
vt 0.7265625 0.9609375
vt 0.71875 0.9609375
vt 0.71875 0.9296875
vt 0.7265625 0.9296875
vn 0 0 -1
vn 1 0 0
vn 0 0 1
vn -1 0 0
vn 0 1 0
vn 0 -1 0
usemtl m_aad9b663-e4ab-48be-4205-673054ad3f92
f 436/1300/325 439/1299/325 437/1298/325 434/1297/325
f 435/1304/326 436/1303/326 434/1302/326 433/1301/326
f 440/1308/327 435/1307/327 433/1306/327 438/1305/327
f 439/1312/328 440/1311/328 438/1310/328 437/1309/328
f 438/1316/329 433/1315/329 434/1314/329 437/1313/329
f 439/1320/330 436/1319/330 435/1318/330 440/1317/330
o rightarm1
v 0.50625 0.903125 0.125
v 0.50625 0.903125 -0.125
v 0.50625 0.840625 0.125
v 0.50625 0.840625 -0.125
v 0.44375 0.903125 -0.125
v 0.44375 0.903125 0.125
v 0.44375 0.840625 -0.125
v 0.44375 0.840625 0.125
vt 0.703125 0.5078125
vt 0.7109375 0.5078125
vt 0.7109375 0.5
vt 0.703125 0.5
vt 0.671875 0.5078125
vt 0.703125 0.5078125
vt 0.703125 0.5
vt 0.671875 0.5
vt 0.7421875 0.5078125
vt 0.75 0.5078125
vt 0.75 0.5
vt 0.7421875 0.5
vt 0.7109375 0.5078125
vt 0.7421875 0.5078125
vt 0.7421875 0.5
vt 0.7109375 0.5
vt 0.7109375 0.5078125
vt 0.703125 0.5078125
vt 0.703125 0.5390625
vt 0.7109375 0.5390625
vt 0.71875 0.5390625
vt 0.7109375 0.5390625
vt 0.7109375 0.5078125
vt 0.71875 0.5078125
vn 0 0 -1
vn 1 0 0
vn 0 0 1
vn -1 0 0
vn 0 1 0
vn 0 -1 0
usemtl m_aad9b663-e4ab-48be-4205-673054ad3f92
f 444/1324/331 447/1323/331 445/1322/331 442/1321/331
f 443/1328/332 444/1327/332 442/1326/332 441/1325/332
f 448/1332/333 443/1331/333 441/1330/333 446/1329/333
f 447/1336/334 448/1335/334 446/1334/334 445/1333/334
f 446/1340/335 441/1339/335 442/1338/335 445/1337/335
f 447/1344/336 444/1343/336 443/1342/336 448/1341/336
o rightarm1
v 0.30625 1.059375 0.125
v 0.30625 1.059375 -0.125
v 0.30625 0.996875 0.125
v 0.30625 0.996875 -0.125
v 0.24375000000000002 1.059375 -0.125
v 0.24375000000000002 1.059375 0.125
v 0.24375000000000002 0.996875 -0.125
v 0.24375000000000002 0.996875 0.125
vt 0.703125 0.3671875
vt 0.7109375 0.3671875
vt 0.7109375 0.359375
vt 0.703125 0.359375
vt 0.671875 0.3671875
vt 0.703125 0.3671875
vt 0.703125 0.359375
vt 0.671875 0.359375
vt 0.7421875 0.3671875
vt 0.75 0.3671875
vt 0.75 0.359375
vt 0.7421875 0.359375
vt 0.7109375 0.3671875
vt 0.7421875 0.3671875
vt 0.7421875 0.359375
vt 0.7109375 0.359375
vt 0.7109375 0.3671875
vt 0.703125 0.3671875
vt 0.703125 0.3984375
vt 0.7109375 0.3984375
vt 0.71875 0.3984375
vt 0.7109375 0.3984375
vt 0.7109375 0.3671875
vt 0.71875 0.3671875
vn 0 0 -1
vn 1 0 0
vn 0 0 1
vn -1 0 0
vn 0 1 0
vn 0 -1 0
usemtl m_aad9b663-e4ab-48be-4205-673054ad3f92
f 452/1348/337 455/1347/337 453/1346/337 450/1345/337
f 451/1352/338 452/1351/338 450/1350/338 449/1349/338
f 456/1356/339 451/1355/339 449/1354/339 454/1353/339
f 455/1360/340 456/1359/340 454/1358/340 453/1357/340
f 454/1364/341 449/1363/341 450/1362/341 453/1361/341
f 455/1368/342 452/1367/342 451/1366/342 456/1365/342
o rightarm1
v 0.30625 0.903125 0.125
v 0.30625 0.903125 -0.125
v 0.30625 0.840625 0.125
v 0.30625 0.840625 -0.125
v 0.24375000000000002 0.903125 -0.125
v 0.24375000000000002 0.903125 0.125
v 0.24375000000000002 0.840625 -0.125
v 0.24375000000000002 0.840625 0.125
vt 0.703125 0.765625
vt 0.7109375 0.765625
vt 0.7109375 0.7578125
vt 0.703125 0.7578125
vt 0.671875 0.765625
vt 0.703125 0.765625
vt 0.703125 0.7578125
vt 0.671875 0.7578125
vt 0.7421875 0.765625
vt 0.75 0.765625
vt 0.75 0.7578125
vt 0.7421875 0.7578125
vt 0.7109375 0.765625
vt 0.7421875 0.765625
vt 0.7421875 0.7578125
vt 0.7109375 0.7578125
vt 0.7109375 0.765625
vt 0.703125 0.765625
vt 0.703125 0.796875
vt 0.7109375 0.796875
vt 0.71875 0.796875
vt 0.7109375 0.796875
vt 0.7109375 0.765625
vt 0.71875 0.765625
vn 0 0 -1
vn 1 0 0
vn 0 0 1
vn -1 0 0
vn 0 1 0
vn 0 -1 0
usemtl m_aad9b663-e4ab-48be-4205-673054ad3f92
f 460/1372/343 463/1371/343 461/1370/343 458/1369/343
f 459/1376/344 460/1375/344 458/1374/344 457/1373/344
f 464/1380/345 459/1379/345 457/1378/345 462/1377/345
f 463/1384/346 464/1383/346 462/1382/346 461/1381/346
f 462/1388/347 457/1387/347 458/1386/347 461/1385/347
f 463/1392/348 460/1391/348 459/1390/348 464/1389/348
o rightarm2
v 0.505862414455849 1.4940284327739257 0.125
v 0.505862414455849 1.4940284327739257 -0.125
v 0.5222299281307117 1.1819573599457907 0.125
v 0.5222299281307117 1.1819573599457907 -0.125
v 0.443448199890222 1.490754930038953 -0.125
v 0.443448199890222 1.490754930038953 0.125
v 0.4598157135650846 1.178683857210818 -0.125
v 0.4598157135650846 1.178683857210818 0.125
vt 0.65625 0.4921875
vt 0.6640625 0.4921875
vt 0.6640625 0.453125
vt 0.65625 0.453125
vt 0.625 0.4921875
vt 0.65625 0.4921875
vt 0.65625 0.453125
vt 0.625 0.453125
vt 0.6953125 0.4921875
vt 0.703125 0.4921875
vt 0.703125 0.453125
vt 0.6953125 0.453125
vt 0.6640625 0.4921875
vt 0.6953125 0.4921875
vt 0.6953125 0.453125
vt 0.6640625 0.453125
vt 0.6640625 0.4921875
vt 0.65625 0.4921875
vt 0.65625 0.5234375
vt 0.6640625 0.5234375
vt 0.671875 0.5234375
vt 0.6640625 0.5234375
vt 0.6640625 0.4921875
vt 0.671875 0.4921875
vn 0 0 -1
vn 0.9986274330500322 0.05237604375956028 0
vn 0 0 1
vn -0.9986274330500322 -0.05237604375956028 0
vn -0.05237604375956028 0.9986274330500322 0
vn 0.05237604375956028 -0.9986274330500322 0
usemtl m_aad9b663-e4ab-48be-4205-673054ad3f92
f 468/1396/349 471/1395/349 469/1394/349 466/1393/349
f 467/1400/350 468/1399/350 466/1398/350 465/1397/350
f 472/1404/351 467/1403/351 465/1402/351 470/1401/351
f 471/1408/352 472/1407/352 470/1406/352 469/1405/352
f 470/1412/353 465/1411/353 466/1410/353 469/1409/353
f 471/1416/354 468/1415/354 467/1414/354 472/1413/354
o rightarm3
v 0.5259832821219097 1.1822164819883272 0.125
v 0.5259832821219097 1.1822164819883272 -0.125
v 0.5194362766519647 1.0573880528570732 0.125
v 0.5194362766519647 1.0573880528570732 -0.125
v 0.4635690675562828 1.1854899847232996 -0.125
v 0.4635690675562828 1.1854899847232996 0.125
v 0.4570220620863377 1.0606615555920456 -0.125
v 0.4570220620863377 1.0606615555920456 0.125
vt 0.6875 0.6953125
vt 0.6953125 0.6953125
vt 0.6953125 0.6796875
vt 0.6875 0.6796875
vt 0.65625 0.6953125
vt 0.6875 0.6953125
vt 0.6875 0.6796875
vt 0.65625 0.6796875
vt 0.7265625 0.6953125
vt 0.734375 0.6953125
vt 0.734375 0.6796875
vt 0.7265625 0.6796875
vt 0.6953125 0.6953125
vt 0.7265625 0.6953125
vt 0.7265625 0.6796875
vt 0.6953125 0.6796875
vt 0.6953125 0.6953125
vt 0.6875 0.6953125
vt 0.6875 0.7265625
vt 0.6953125 0.7265625
vt 0.703125 0.7265625
vt 0.6953125 0.7265625
vt 0.6953125 0.6953125
vt 0.703125 0.6953125
vn 0 0 -1
vn 0.9986274330500322 -0.05237604375956028 0
vn 0 0 1
vn -0.9986274330500322 0.05237604375956028 0
vn 0.05237604375956028 0.9986274330500322 0
vn -0.05237604375956028 -0.9986274330500322 0
usemtl m_aad9b663-e4ab-48be-4205-673054ad3f92
f 476/1420/355 479/1419/355 477/1418/355 474/1417/355
f 475/1424/356 476/1423/356 474/1422/356 473/1421/356
f 480/1428/357 475/1427/357 473/1426/357 478/1425/357
f 479/1432/358 480/1431/358 478/1430/358 477/1429/358
f 478/1436/359 473/1435/359 474/1434/359 477/1433/359
f 479/1440/360 476/1439/360 475/1438/360 480/1437/360
o rightarm4
v 0.4982129676187737 1.4939656731787174 -0.07092793986848864
v 0.5003924439171279 1.4961464774593902 -0.13335184535151903
v 0.49859344020362173 1.1816559674101728 -0.08182532136025969
v 0.500772916501976 1.1838367716908456 -0.14424922684329008
v 0.25054467930229213 1.4961464774593902 -0.14207506247421003
v 0.2483652030039379 1.4939656731787174 -0.07965115699117965
v 0.25092515188714015 1.1838367716908456 -0.15297244396598111
v 0.24874567558878596 1.1816559674101728 -0.09054853848295072
vt 0.0078125 0.3203125
vt 0.0390625 0.3203125
vt 0.0390625 0.28125
vt 0.0078125 0.28125
vt 0 0.3203125
vt 0.0078125 0.3203125
vt 0.0078125 0.28125
vt 0 0.28125
vt 0.046875 0.3203125
vt 0.078125 0.3203125
vt 0.078125 0.28125
vt 0.046875 0.28125
vt 0.0390625 0.3203125
vt 0.046875 0.3203125
vt 0.046875 0.28125
vt 0.0390625 0.28125
vt 0.0390625 0.3203125
vt 0.007812500000000003 0.3203125
vt 0.007812500000000003 0.328125
vt 0.0390625 0.328125
vt 0.0703125 0.328125
vt 0.0390625 0.328125
vt 0.0390625 0.3203125
vt 0.0703125 0.3203125
vn 0.034871620773667386 0.03489286849076409 -0.9987824877284863
vn 0.9993910584593433 0 0.034892868490764097
vn -0.034871620773667386 -0.03489286849076409 0.9987824877284863
vn -0.9993910584593433 0 -0.034892868490764097
vn -0.0012175122715137577 0.9993910584593433 0.03487162077366739
vn 0.0012175122715137577 -0.9993910584593433 -0.03487162077366739
usemtl m_aad9b663-e4ab-48be-4205-673054ad3f92
f 484/1444/361 487/1443/361 485/1442/361 482/1441/361
f 483/1448/362 484/1447/362 482/1446/362 481/1445/362
f 488/1452/363 483/1451/363 481/1450/363 486/1449/363
f 487/1456/364 488/1455/364 486/1454/364 485/1453/364
f 486/1460/365 481/1459/365 482/1458/365 485/1457/365
f 487/1464/366 484/1463/366 483/1462/366 488/1461/366
o rightarm5
v 0.4947327791325501 1.185447218125209 -0.07161943329828538
v 0.5012606047130252 1.1832664138445361 -0.1337393301581506
v 0.4942769524417223 1.060523335817791 -0.06728170909424341
v 0.5008047780221976 1.0583425315371182 -0.12940160595410863
v 0.2526296155359598 1.1832664138445361 -0.15986654242494205
v 0.24610178995548465 1.185447218125209 -0.09774664556507687
v 0.2521737888451321 1.0583425315371182 -0.15552881822090012
v 0.24564596326465693 1.060523335817791 -0.09340892136103487
vt 0.5546875 0.2890625
vt 0.5859375 0.2890625
vt 0.5859375 0.2734375
vt 0.5546875 0.2734375
vt 0.546875 0.2890625
vt 0.5546875 0.2890625
vt 0.5546875 0.2734375
vt 0.546875 0.2734375
vt 0.59375 0.2890625
vt 0.625 0.2890625
vt 0.625 0.2734375
vt 0.59375 0.2734375
vt 0.5859375 0.2890625
vt 0.59375 0.2890625
vt 0.59375 0.2734375
vt 0.5859375 0.2734375
vt 0.5859375 0.2890625
vt 0.5546875 0.2890625
vt 0.5546875 0.296875
vt 0.5859375 0.296875
vt 0.6171875 0.296875
vt 0.5859375 0.296875
vt 0.5859375 0.2890625
vt 0.6171875 0.2890625
vn 0.1044452092876027 -0.03489286849076409 -0.9939183497578437
vn 0.9945239567082617 1.3010426069826053e-18 0.10450884906716595
vn -0.1044452092876027 0.03489286849076409 0.9939183497578437
vn -0.9945239567082617 -1.3010426069826053e-18 -0.10450884906716595
vn 0.0036466135266217353 0.9993910584593433 -0.03470179363233574
vn -0.0036466135266217353 -0.9993910584593433 0.03470179363233574
usemtl m_aad9b663-e4ab-48be-4205-673054ad3f92
f 492/1468/367 495/1467/367 493/1466/367 490/1465/367
f 491/1472/368 492/1471/368 490/1470/368 489/1469/368
f 496/1476/369 491/1475/369 489/1474/369 494/1473/369
f 495/1480/370 496/1479/370 494/1478/370 493/1477/370
f 494/1484/371 489/1483/371 490/1482/371 493/1481/371
f 495/1488/372 492/1487/372 491/1486/372 496/1485/372
o rightarm6
v 0.30054703159310514 0.8800133994638577 0.06875
v 0.30054703159310514 0.8800133994638577 -0.11875
v 0.2950977112491387 0.8177514134066429 0.06875
v 0.2950977112491387 0.8177514134066429 -0.11875
v 0.2382850455358902 0.8854627198078242 -0.11875
v 0.2382850455358902 0.8854627198078242 0.06875
v 0.2328357251919237 0.8232007337506094 -0.11875
v 0.2328357251919237 0.8232007337506094 0.06875
vt 0.4140625 0.671875
vt 0.421875 0.671875
vt 0.421875 0.6640625
vt 0.4140625 0.6640625
vt 0.390625 0.671875
vt 0.4140625 0.671875
vt 0.4140625 0.6640625
vt 0.390625 0.6640625
vt 0.4453125 0.671875
vt 0.453125 0.671875
vt 0.453125 0.6640625
vt 0.4453125 0.6640625
vt 0.421875 0.671875
vt 0.4453125 0.671875
vt 0.4453125 0.6640625
vt 0.421875 0.6640625
vt 0.421875 0.671875
vt 0.4140625 0.671875
vt 0.4140625 0.6953125
vt 0.421875 0.6953125
vt 0.4296875 0.6953125
vt 0.421875 0.6953125
vt 0.421875 0.671875
vt 0.4296875 0.671875
vn 0 0 -1
vn 0.9961917769154397 -0.08718912550346393 0
vn 0 0 1
vn -0.9961917769154397 0.08718912550346393 0
vn 0.08718912550346393 0.9961917769154397 0
vn -0.08718912550346393 -0.9961917769154397 0
usemtl m_aad9b663-e4ab-48be-4205-673054ad3f92
f 500/1492/373 503/1491/373 501/1490/373 498/1489/373
f 499/1496/374 500/1495/374 498/1494/374 497/1493/374
f 504/1500/375 499/1499/375 497/1498/375 502/1497/375
f 503/1504/376 504/1503/376 502/1502/376 501/1501/376
f 502/1508/377 497/1507/377 498/1506/377 501/1505/377
f 503/1512/378 500/1511/378 499/1510/378 504/1509/378
o rightarm6
v 0.5068227945618367 0.7996159747493172 0.09375
v 0.5068227945618367 0.7996159747493172 -0.09375
v 0.5013734742178702 0.7373539886921022 0.09375
v 0.5013734742178702 0.7373539886921022 -0.09375
v 0.44456080850462165 0.8050652950932837 -0.09375
v 0.44456080850462165 0.8050652950932837 0.09375
v 0.43911148816065515 0.7428033090360687 -0.09375
v 0.43911148816065515 0.7428033090360687 0.09375
vt 0.2578125 0.703125
vt 0.265625 0.703125
vt 0.265625 0.6953125
vt 0.2578125 0.6953125
vt 0.234375 0.703125
vt 0.2578125 0.703125
vt 0.2578125 0.6953125
vt 0.234375 0.6953125
vt 0.2890625 0.703125
vt 0.296875 0.703125
vt 0.296875 0.6953125
vt 0.2890625 0.6953125
vt 0.265625 0.703125
vt 0.2890625 0.703125
vt 0.2890625 0.6953125
vt 0.265625 0.6953125
vt 0.265625 0.703125
vt 0.2578125 0.703125
vt 0.2578125 0.7265625
vt 0.265625 0.7265625
vt 0.2734375 0.7265625
vt 0.265625 0.7265625
vt 0.265625 0.703125
vt 0.2734375 0.703125
vn 0 0 -1
vn 0.9961917769154397 -0.08718912550346393 0
vn 0 0 1
vn -0.9961917769154397 0.08718912550346393 0
vn 0.08718912550346393 0.9961917769154397 0
vn -0.08718912550346393 -0.9961917769154397 0
usemtl m_aad9b663-e4ab-48be-4205-673054ad3f92
f 508/1516/379 511/1515/379 509/1514/379 506/1513/379
f 507/1520/380 508/1519/380 506/1518/380 505/1517/380
f 512/1524/381 507/1523/381 505/1522/381 510/1521/381
f 511/1528/382 512/1527/382 510/1526/382 509/1525/382
f 510/1532/383 505/1531/383 506/1530/383 509/1529/383
f 511/1536/384 508/1535/384 507/1534/384 512/1533/384
o rightarm7
v 0.5012729726796938 1.5090322873172135 0.12437500000000001
v 0.5012729726796938 1.5090322873172135 -0.125625
v 0.49909216839902104 1.4465703461635044 0.12437500000000001
v 0.49909216839902104 1.4465703461635044 -0.125625
v 0.251425208064858 1.5177555044399047 -0.125625
v 0.251425208064858 1.5177555044399047 0.12437500000000001
v 0.24924440378418522 1.4552935632861956 -0.125625
v 0.24924440378418522 1.4552935632861956 0.12437500000000001
vt 0.5859375 0.84375
vt 0.6171875 0.84375
vt 0.6171875 0.8359375
vt 0.5859375 0.8359375
vt 0.5546875 0.84375
vt 0.5859375 0.84375
vt 0.5859375 0.8359375
vt 0.5546875 0.8359375
vt 0.6484375 0.84375
vt 0.6796875 0.84375
vt 0.6796875 0.8359375
vt 0.6484375 0.8359375
vt 0.6171875 0.84375
vt 0.6484375 0.84375
vt 0.6484375 0.8359375
vt 0.6171875 0.8359375
vt 0.6171875 0.84375
vt 0.5859375 0.84375
vt 0.5859375 0.875
vt 0.6171875 0.875
vt 0.6484375 0.875
vt 0.6171875 0.875
vt 0.6171875 0.84375
vt 0.6484375 0.84375
vn 0 0 -1
vn 0.9993910584593432 -0.03489286849076409 0
vn 0 0 1
vn -0.9993910584593432 0.03489286849076409 0
vn 0.03489286849076409 0.9993910584593432 0
vn -0.03489286849076409 -0.9993910584593432 0
usemtl m_aad9b663-e4ab-48be-4205-673054ad3f92
f 516/1540/385 519/1539/385 517/1538/385 514/1537/385
f 515/1544/386 516/1543/386 514/1542/386 513/1541/386
f 520/1548/387 515/1547/387 513/1546/387 518/1545/387
f 519/1552/388 520/1551/388 518/1550/388 517/1549/388
f 518/1556/389 513/1555/389 514/1554/389 517/1553/389
f 519/1560/390 516/1559/390 515/1558/390 520/1557/390
o bipedBody
v 0.25 1.4375 0.125
v 0.25 1.4375 -0.125
v 0.25 0.6875 0.125
v 0.25 0.6875 -0.125
v -0.25 1.4375 -0.125
v -0.25 1.4375 0.125
v -0.25 0.6875 -0.125
v -0.25 0.6875 0.125
vt 0.03125 0.84375
vt 0.09375 0.84375
vt 0.09375 0.75
vt 0.03125 0.75
vt 0 0.84375
vt 0.03125 0.84375
vt 0.03125 0.75
vt 0 0.75
vt 0.125 0.84375
vt 0.1875 0.84375
vt 0.1875 0.75
vt 0.125 0.75
vt 0.09375 0.84375
vt 0.125 0.84375
vt 0.125 0.75
vt 0.09375 0.75
vt 0.09375 0.84375
vt 0.03125 0.84375
vt 0.03125 0.875
vt 0.09375 0.875
vt 0.15625 0.875
vt 0.09375 0.875
vt 0.09375 0.84375
vt 0.15625 0.84375
vn 0 0 -1
vn 1 0 0
vn 0 0 1
vn -1 0 0
vn 0 1 0
vn 0 -1 0
usemtl m_aad9b663-e4ab-48be-4205-673054ad3f92
f 524/1564/391 527/1563/391 525/1562/391 522/1561/391
f 523/1568/392 524/1567/392 522/1566/392 521/1565/392
f 528/1572/393 523/1571/393 521/1570/393 526/1569/393
f 527/1576/394 528/1575/394 526/1574/394 525/1573/394
f 526/1580/395 521/1579/395 522/1578/395 525/1577/395
f 527/1584/396 524/1583/396 523/1582/396 528/1581/396
o bipedRightArm
v 0.5 1.5 0.125
v 0.5 1.5 -0.125
v 0.5 0.75 0.125
v 0.5 0.75 -0.125
v 0.25 1.5 -0.125
v 0.25 1.5 0.125
v 0.25 0.75 -0.125
v 0.25 0.75 0.125
vt 0.390625 0.6015625
vt 0.421875 0.6015625
vt 0.421875 0.5078125
vt 0.390625 0.5078125
vt 0.359375 0.6015625
vt 0.390625 0.6015625
vt 0.390625 0.5078125
vt 0.359375 0.5078125
vt 0.453125 0.6015625
vt 0.484375 0.6015625
vt 0.484375 0.5078125
vt 0.453125 0.5078125
vt 0.421875 0.6015625
vt 0.453125 0.6015625
vt 0.453125 0.5078125
vt 0.421875 0.5078125
vt 0.421875 0.6015625
vt 0.390625 0.6015625
vt 0.390625 0.6328125
vt 0.421875 0.6328125
vt 0.453125 0.6328125
vt 0.421875 0.6328125
vt 0.421875 0.6015625
vt 0.453125 0.6015625
vn 0 0 -1
vn 1 0 0
vn 0 0 1
vn -1 0 0
vn 0 1 0
vn 0 -1 0
usemtl m_aad9b663-e4ab-48be-4205-673054ad3f92
f 532/1588/397 535/1587/397 533/1586/397 530/1585/397
f 531/1592/398 532/1591/398 530/1590/398 529/1589/398
f 536/1596/399 531/1595/399 529/1594/399 534/1593/399
f 535/1600/400 536/1599/400 534/1598/400 533/1597/400
f 534/1604/401 529/1603/401 530/1602/401 533/1601/401
f 535/1608/402 532/1607/402 531/1606/402 536/1605/402
o bipedLeftArm
v -0.24875 1.50125 0.12625
v -0.24875 1.50125 -0.12625
v -0.24875 0.74875 0.12625
v -0.24875 0.74875 -0.12625
v -0.50125 1.50125 -0.12625
v -0.50125 1.50125 0.12625
v -0.50125 0.74875 -0.12625
v -0.50125 0.74875 0.12625
vt 0.03125 0.609375
vt 0.0625 0.609375
vt 0.0625 0.515625
vt 0.03125 0.515625
vt 0 0.609375
vt 0.03125 0.609375
vt 0.03125 0.515625
vt 0 0.515625
vt 0.09375 0.609375
vt 0.125 0.609375
vt 0.125 0.515625
vt 0.09375 0.515625
vt 0.0625 0.609375
vt 0.09375 0.609375
vt 0.09375 0.515625
vt 0.0625 0.515625
vt 0.0625 0.609375
vt 0.03125 0.609375
vt 0.03125 0.640625
vt 0.0625 0.640625
vt 0.09375 0.640625
vt 0.0625 0.640625
vt 0.0625 0.609375
vt 0.09375 0.609375
vn 0 0 -1
vn 1 0 0
vn 0 0 1
vn -1 0 0
vn 0 1 0
vn 0 -1 0
usemtl m_aad9b663-e4ab-48be-4205-673054ad3f92
f 540/1612/403 543/1611/403 541/1610/403 538/1609/403
f 539/1616/404 540/1615/404 538/1614/404 537/1613/404
f 544/1620/405 539/1619/405 537/1618/405 542/1617/405
f 543/1624/406 544/1623/406 542/1622/406 541/1621/406
f 542/1628/407 537/1627/407 538/1626/407 541/1625/407
f 543/1632/408 540/1631/408 539/1630/408 544/1629/408
o bipedRightLeg
v 0.25 0.6875 0.125
v 0.25 0.6875 -0.125
v 0.25 -0.0625 0.125
v 0.25 -0.0625 -0.125
v 0 0.6875 -0.125
v 0 0.6875 0.125
v 0 -0.0625 -0.125
v 0 -0.0625 0.125
vt 0.296875 0.6953125
vt 0.328125 0.6953125
vt 0.328125 0.6015625
vt 0.296875 0.6015625
vt 0.265625 0.6953125
vt 0.296875 0.6953125
vt 0.296875 0.6015625
vt 0.265625 0.6015625
vt 0.359375 0.6953125
vt 0.390625 0.6953125
vt 0.390625 0.6015625
vt 0.359375 0.6015625
vt 0.328125 0.6953125
vt 0.359375 0.6953125
vt 0.359375 0.6015625
vt 0.328125 0.6015625
vt 0.328125 0.6953125
vt 0.296875 0.6953125
vt 0.296875 0.7265625
vt 0.328125 0.7265625
vt 0.359375 0.7265625
vt 0.328125 0.7265625
vt 0.328125 0.6953125
vt 0.359375 0.6953125
vn 0 0 -1
vn 1 0 0
vn 0 0 1
vn -1 0 0
vn 0 1 0
vn 0 -1 0
usemtl m_aad9b663-e4ab-48be-4205-673054ad3f92
f 548/1636/409 551/1635/409 549/1634/409 546/1633/409
f 547/1640/410 548/1639/410 546/1638/410 545/1637/410
f 552/1644/411 547/1643/411 545/1642/411 550/1641/411
f 551/1648/412 552/1647/412 550/1646/412 549/1645/412
f 550/1652/413 545/1651/413 546/1650/413 549/1649/413
f 551/1656/414 548/1655/414 547/1654/414 552/1653/414
o bipedLeftLeg
v 0 0.6875 0.125
v 0 0.6875 -0.125
v 0 -0.0625 0.125
v 0 -0.0625 -0.125
v -0.25 0.6875 -0.125
v -0.25 0.6875 0.125
v -0.25 -0.0625 -0.125
v -0.25 -0.0625 0.125
vt 0.171875 0.6953125
vt 0.203125 0.6953125
vt 0.203125 0.6015625
vt 0.171875 0.6015625
vt 0.140625 0.6953125
vt 0.171875 0.6953125
vt 0.171875 0.6015625
vt 0.140625 0.6015625
vt 0.234375 0.6953125
vt 0.265625 0.6953125
vt 0.265625 0.6015625
vt 0.234375 0.6015625
vt 0.203125 0.6953125
vt 0.234375 0.6953125
vt 0.234375 0.6015625
vt 0.203125 0.6015625
vt 0.203125 0.6953125
vt 0.171875 0.6953125
vt 0.171875 0.7265625
vt 0.203125 0.7265625
vt 0.234375 0.7265625
vt 0.203125 0.7265625
vt 0.203125 0.6953125
vt 0.234375 0.6953125
vn 0 0 -1
vn 1 0 0
vn 0 0 1
vn -1 0 0
vn 0 1 0
vn 0 -1 0
usemtl m_aad9b663-e4ab-48be-4205-673054ad3f92
f 556/1660/415 559/1659/415 557/1658/415 554/1657/415
f 555/1664/416 556/1663/416 554/1662/416 553/1661/416
f 560/1668/417 555/1667/417 553/1666/417 558/1665/417
f 559/1672/418 560/1671/418 558/1670/418 557/1669/418
f 558/1676/419 553/1675/419 554/1674/419 557/1673/419
f 559/1680/420 556/1679/420 555/1678/420 560/1677/420
o bone
v 0.25 1.995620405129069 -0.20288244478640854
v 0.25 2.0107377293369 -0.26352662429932894
v 0.25 1.8136878665903078 -0.24823441740990276
v 0.25 1.828805190798139 -0.30887859692282316
v -0.25 2.0107377293369 -0.26352662429932894
v -0.25 1.995620405129069 -0.20288244478640854
v -0.25 1.828805190798139 -0.30887859692282316
v -0.25 1.8136878665903078 -0.24823441740990276
vt 0.2578125 0.921875
vt 0.3203125 0.921875
vt 0.3203125 0.8984375
vt 0.2578125 0.8984375
vt 0.25 0.921875
vt 0.2578125 0.921875
vt 0.2578125 0.8984375
vt 0.25 0.8984375
vt 0.328125 0.921875
vt 0.390625 0.921875
vt 0.390625 0.8984375
vt 0.328125 0.8984375
vt 0.3203125 0.921875
vt 0.328125 0.921875
vt 0.328125 0.8984375
vt 0.3203125 0.8984375
vt 0.3203125 0.921875
vt 0.2578125 0.921875
vt 0.2578125 0.9296875
vt 0.3203125 0.9296875
vt 0.3828125 0.9296875
vt 0.3203125 0.9296875
vt 0.3203125 0.921875
vt 0.3828125 0.921875
vn 0 0.24187718732530233 -0.9703068722067265
vn 1 0 0
vn 0 -0.24187718732530233 0.9703068722067265
vn -1 0 0
vn 0 0.9703068722067265 0.24187718732530233
vn 0 -0.9703068722067265 -0.24187718732530233
usemtl m_aad9b663-e4ab-48be-4205-673054ad3f92
f 564/1684/421 567/1683/421 565/1682/421 562/1681/421
f 563/1688/422 564/1687/422 562/1686/422 561/1685/422
f 568/1692/423 563/1691/423 561/1690/423 566/1689/423
f 567/1696/424 568/1695/424 566/1694/424 565/1693/424
f 566/1700/425 561/1699/425 562/1698/425 565/1697/425
f 567/1704/426 564/1703/426 563/1702/426 568/1701/426
o bone
v 0.0625 2.0062643502544217 -0.2190182910217624
v 0.0625 2.021381674462253 -0.2796624705346828
v 0.0625 1.8243318117156602 -0.2643702636452566
v 0.0625 1.8394491359234915 -0.325014443158177
v -0.0625 2.021381674462253 -0.2796624705346828
v -0.0625 2.0062643502544217 -0.2190182910217624
v -0.0625 1.8394491359234915 -0.325014443158177
v -0.0625 1.8243318117156602 -0.2643702636452566
vt 0.1015625 0.6328125
vt 0.1171875 0.6328125
vt 0.1171875 0.609375
vt 0.1015625 0.609375
vt 0.09375 0.6328125
vt 0.1015625 0.6328125
vt 0.1015625 0.609375
vt 0.09375 0.609375
vt 0.125 0.6328125
vt 0.140625 0.6328125
vt 0.140625 0.609375
vt 0.125 0.609375
vt 0.1171875 0.6328125
vt 0.125 0.6328125
vt 0.125 0.609375
vt 0.1171875 0.609375
vt 0.1171875 0.6328125
vt 0.1015625 0.6328125
vt 0.1015625 0.640625
vt 0.1171875 0.640625
vt 0.1328125 0.640625
vt 0.1171875 0.640625
vt 0.1171875 0.6328125
vt 0.1328125 0.6328125
vn 0 0.24187718732530233 -0.9703068722067265
vn 1 0 0
vn 0 -0.24187718732530233 0.9703068722067265
vn -1 0 0
vn 0 0.9703068722067265 0.24187718732530233
vn 0 -0.9703068722067265 -0.24187718732530233
usemtl m_aad9b663-e4ab-48be-4205-673054ad3f92
f 572/1708/427 575/1707/427 573/1706/427 570/1705/427
f 571/1712/428 572/1711/428 570/1710/428 569/1709/428
f 576/1716/429 571/1715/429 569/1714/429 574/1713/429
f 575/1720/430 576/1719/430 574/1718/430 573/1717/430
f 574/1724/431 569/1723/431 570/1722/431 573/1721/431
f 575/1728/432 572/1727/432 571/1726/432 576/1725/432
o bone
v 0.09375 1.8912231071911103 -0.255502472792061
v 0.09375 1.9063404313989418 -0.3161466523049814
v 0.09375 1.83057892767819 -0.2706197969998924
v 0.09375 1.8456962518860216 -0.3312639765128128
v -0.09375 1.9063404313989418 -0.3161466523049814
v -0.09375 1.8912231071911103 -0.255502472792061
v -0.09375 1.8456962518860216 -0.3312639765128128
v -0.09375 1.83057892767819 -0.2706197969998924
vt 0.5078125 0.53125
vt 0.53125 0.53125
vt 0.53125 0.5234375
vt 0.5078125 0.5234375
vt 0.5 0.53125
vt 0.5078125 0.53125
vt 0.5078125 0.5234375
vt 0.5 0.5234375
vt 0.5390625 0.53125
vt 0.5625 0.53125
vt 0.5625 0.5234375
vt 0.5390625 0.5234375
vt 0.53125 0.53125
vt 0.5390625 0.53125
vt 0.5390625 0.5234375
vt 0.53125 0.5234375
vt 0.53125 0.53125
vt 0.5078125 0.53125
vt 0.5078125 0.5390625
vt 0.53125 0.5390625
vt 0.5546875 0.5390625
vt 0.53125 0.5390625
vt 0.53125 0.53125
vt 0.5546875 0.53125
vn 0 0.24187718732530233 -0.9703068722067265
vn 1 0 0
vn 0 -0.24187718732530233 0.9703068722067265
vn -1 0 0
vn 0 0.9703068722067265 0.24187718732530233
vn 0 -0.9703068722067265 -0.24187718732530233
usemtl m_aad9b663-e4ab-48be-4205-673054ad3f92
f 580/1732/433 583/1731/433 581/1730/433 578/1729/433
f 579/1736/434 580/1735/434 578/1734/434 577/1733/434
f 584/1740/435 579/1739/435 577/1738/435 582/1737/435
f 583/1744/436 584/1743/436 582/1742/436 581/1741/436
f 582/1748/437 577/1747/437 578/1746/437 581/1745/437
f 583/1752/438 580/1751/438 579/1750/438 584/1749/438
o bone16
v 0.25 2.0115240538336376 0.26393248138949194
v 0.25 1.9919672245897073 0.14047183814670072
v 0.25 1.7028724457266593 0.31282455449931695
v 0.25 1.6833156164827292 0.18936391125652574
v -0.25 1.9919672245897073 0.14047183814670072
v -0.25 2.0115240538336376 0.26393248138949194
v -0.25 1.6833156164827292 0.18936391125652574
v -0.25 1.7028724457266593 0.31282455449931695
vt 0.46875 0.984375
vt 0.53125 0.984375
vt 0.53125 0.9453125
vt 0.46875 0.9453125
vt 0.453125 0.984375
vt 0.46875 0.984375
vt 0.46875 0.9453125
vt 0.453125 0.9453125
vt 0.546875 0.984375
vt 0.609375 0.984375
vt 0.609375 0.9453125
vt 0.546875 0.9453125
vt 0.53125 0.984375
vt 0.546875 0.984375
vt 0.546875 0.9453125
vt 0.53125 0.9453125
vt 0.53125 0.984375
vt 0.46875 0.984375
vt 0.46875 1
vt 0.53125 1
vt 0.59375 1
vt 0.53125 1
vt 0.53125 0.984375
vt 0.59375 0.984375
vn 0 -0.15645463395144013 -0.9876851459423296
vn 1 0 0
vn 0 0.15645463395144013 0.9876851459423296
vn -1 0 0
vn 0 0.9876851459423296 -0.15645463395144013
vn 0 -0.9876851459423296 0.15645463395144013
usemtl m_aad9b663-e4ab-48be-4205-673054ad3f92
f 588/1756/439 591/1755/439 589/1754/439 586/1753/439
f 587/1760/440 588/1759/440 586/1758/440 585/1757/440
f 592/1764/441 587/1763/441 585/1762/441 590/1761/441
f 591/1768/442 592/1767/442 590/1766/442 589/1765/442
f 590/1772/443 585/1771/443 586/1770/443 589/1769/443
f 591/1776/444 588/1775/444 587/1774/444 592/1773/444
o bone2
v -0.19790177270113624 1.9957169973752644 0.25
v -0.19790177270113624 1.9957169973752644 -0.25
v -0.23687798048312542 1.8123127847002682 0.25
v -0.23687798048312542 1.8123127847002682 -0.25
v -0.2590365102594683 2.0087090666359275 -0.25
v -0.2590365102594683 2.0087090666359275 0.25
v -0.29801271804145746 1.8253048539609313 -0.25
v -0.29801271804145746 1.8253048539609313 0.25
vt 0.453125 0.65625
vt 0.4609375 0.65625
vt 0.4609375 0.6328125
vt 0.453125 0.6328125
vt 0.390625 0.65625
vt 0.453125 0.65625
vt 0.453125 0.6328125
vt 0.390625 0.6328125
vt 0.5234375 0.65625
vt 0.53125 0.65625
vt 0.53125 0.6328125
vt 0.5234375 0.6328125
vt 0.4609375 0.65625
vt 0.5234375 0.65625
vt 0.5234375 0.6328125
vt 0.4609375 0.6328125
vt 0.4609375 0.65625
vt 0.453125 0.65625
vt 0.453125 0.71875
vt 0.4609375 0.71875
vt 0.46875 0.71875
vt 0.4609375 0.71875
vt 0.4609375 0.65625
vt 0.46875 0.65625
vn 0 0 -1
vn 0.9781558009333127 -0.20787310817060875 0
vn 0 0 1
vn -0.9781558009333127 0.20787310817060875 0
vn 0.20787310817060875 0.9781558009333127 0
vn -0.20787310817060875 -0.9781558009333127 0
usemtl m_aad9b663-e4ab-48be-4205-673054ad3f92
f 596/1780/445 599/1779/445 597/1778/445 594/1777/445
f 595/1784/446 596/1783/446 594/1782/446 593/1781/446
f 600/1788/447 595/1787/447 593/1786/447 598/1785/447
f 599/1792/448 600/1791/448 598/1790/448 597/1789/448
f 598/1796/449 593/1795/449 594/1794/449 597/1793/449
f 599/1800/450 596/1799/450 595/1798/450 600/1797/450
o bone2
v -0.22842717351424113 1.8521385511596178 0.25
v -0.22842717351424113 1.8521385511596178 0.125
v -0.26740338129623026 1.6687343384846216 0.25
v -0.26740338129623026 1.6687343384846216 0.125
v -0.2895619110725732 1.8651306204202809 0.125
v -0.2895619110725732 1.8651306204202809 0.25
v -0.3285381188545623 1.6817264077452847 0.125
v -0.3285381188545623 1.6817264077452847 0.25
vt 0.484375 0.703125
vt 0.4921875 0.703125
vt 0.4921875 0.6796875
vt 0.484375 0.6796875
vt 0.46875 0.703125
vt 0.484375 0.703125
vt 0.484375 0.6796875
vt 0.46875 0.6796875
vt 0.5078125 0.703125
vt 0.515625 0.703125
vt 0.515625 0.6796875
vt 0.5078125 0.6796875
vt 0.4921875 0.703125
vt 0.5078125 0.703125
vt 0.5078125 0.6796875
vt 0.4921875 0.6796875
vt 0.4921875 0.703125
vt 0.484375 0.703125
vt 0.484375 0.71875
vt 0.4921875 0.71875
vt 0.5 0.71875
vt 0.4921875 0.71875
vt 0.4921875 0.703125
vt 0.5 0.703125
vn 0 0 -1
vn 0.9781558009333127 -0.20787310817060875 0
vn 0 0 1
vn -0.9781558009333127 0.20787310817060875 0
vn 0.20787310817060875 0.9781558009333127 0
vn -0.20787310817060875 -0.9781558009333127 0
usemtl m_aad9b663-e4ab-48be-4205-673054ad3f92
f 604/1804/451 607/1803/451 605/1802/451 602/1801/451
f 603/1808/452 604/1807/452 602/1806/452 601/1805/452
f 608/1812/453 603/1811/453 601/1810/453 606/1809/453
f 607/1816/454 608/1815/454 606/1814/454 605/1813/454
f 606/1820/455 601/1819/455 602/1818/455 605/1817/455
f 607/1824/456 604/1823/456 603/1822/456 608/1821/456
o bone2
v -0.22843117780439914 1.9333892397599501 0.1375
v -0.22843117780439914 1.9333892397599501 -0.175
v -0.2544153163257252 1.811119764643286 0.1375
v -0.2544153163257252 1.811119764643286 -0.175
v -0.2895659153627312 1.9463813090206132 -0.175
v -0.2895659153627312 1.9463813090206132 0.1375
v -0.31555005388405727 1.824111833903949 -0.175
v -0.31555005388405727 1.824111833903949 0.1375
vt 0.6328125 0.5390625
vt 0.640625 0.5390625
vt 0.640625 0.5234375
vt 0.6328125 0.5234375
vt 0.59375 0.5390625
vt 0.6328125 0.5390625
vt 0.6328125 0.5234375
vt 0.59375 0.5234375
vt 0.6796875 0.5390625
vt 0.6875 0.5390625
vt 0.6875 0.5234375
vt 0.6796875 0.5234375
vt 0.640625 0.5390625
vt 0.6796875 0.5390625
vt 0.6796875 0.5234375
vt 0.640625 0.5234375
vt 0.640625 0.5390625
vt 0.6328125 0.5390625
vt 0.6328125 0.578125
vt 0.640625 0.578125
vt 0.6484375 0.578125
vt 0.640625 0.578125
vt 0.640625 0.5390625
vt 0.6484375 0.5390625
vn 0 0 -1
vn 0.9781558009333127 -0.20787310817060875 0
vn 0 0 1
vn -0.9781558009333127 0.20787310817060875 0
vn 0.20787310817060875 0.9781558009333127 0
vn -0.20787310817060875 -0.9781558009333127 0
usemtl m_aad9b663-e4ab-48be-4205-673054ad3f92
f 612/1828/457 615/1827/457 613/1826/457 610/1825/457
f 611/1832/458 612/1831/458 610/1830/458 609/1829/458
f 616/1836/459 611/1835/459 609/1834/459 614/1833/459
f 615/1840/460 616/1839/460 614/1838/460 613/1837/460
f 614/1844/461 609/1843/461 610/1842/461 613/1841/461
f 615/1848/462 612/1847/462 611/1846/462 616/1845/462
o bone14
v -0.24292835986467787 1.8134359875814574 0.06412608056921215
v -0.24349878711905604 1.8297739936607795 -0.1226598776024328
v -0.23641086199027328 1.6267637711389547 0.047778119537312674
v -0.23698128924465145 1.6431017772182768 -0.13900783863433228
v -0.305960728272765 1.827593189380107 -0.1226598776024328
v -0.3053903010183868 1.8112551833007848 0.06412608056921215
v -0.2994432303983604 1.6409209729376042 -0.13900783863433228
v -0.29887280314398224 1.624582966858282 0.047778119537312674
vt 0.34375 0.2734375
vt 0.3515625 0.2734375
vt 0.3515625 0.25
vt 0.34375 0.25
vt 0.3203125 0.2734375
vt 0.34375 0.2734375
vt 0.34375 0.25
vt 0.3203125 0.25
vt 0.375 0.2734375
vt 0.3828125 0.2734375
vt 0.3828125 0.25
vt 0.375 0.25
vt 0.3515625 0.2734375
vt 0.375 0.2734375
vt 0.375 0.25
vt 0.3515625 0.25
vt 0.3515625 0.2734375
vt 0.34375 0.2734375
vt 0.34375 0.296875
vt 0.3515625 0.296875
vt 0.359375 0.296875
vt 0.3515625 0.296875
vt 0.3515625 0.2734375
vt 0.359375 0.2734375
vn -0.0030422786900170923 0.08713603242305133 -0.9961917769154397
vn 0.9993910584593432 0.03489286849076408 0
vn 0.0030422786900170923 -0.08713603242305133 0.9961917769154397
vn -0.9993910584593432 -0.03489286849076408 0
vn -0.03475998866349103 0.9955851543600152 0.08718912550346394
vn 0.03475998866349103 -0.9955851543600152 -0.08718912550346394
usemtl m_aad9b663-e4ab-48be-4205-673054ad3f92
f 620/1852/463 623/1851/463 621/1850/463 618/1849/463
f 619/1856/464 620/1855/464 618/1854/464 617/1853/464
f 624/1860/465 619/1859/465 617/1858/465 622/1857/465
f 623/1864/466 624/1863/466 622/1862/466 621/1861/466
f 622/1868/467 617/1867/467 618/1866/467 621/1865/467
f 623/1872/468 620/1871/468 619/1870/468 624/1869/468
o bone14
v -0.2683066351909692 1.8680767070946622 0.008352063964997353
v -0.2684967776090953 1.8735227091211029 -0.05390992209221762
v -0.26396163660803285 1.7436285627996602 -0.0025465767229356506
v -0.26415177902615894 1.7490745648261008 -0.06480856278015062
v -0.33095871876280425 1.8713419048404303 -0.05390992209221762
v -0.33076857634467816 1.8658959028139896 0.008352063964997353
v -0.3266137201798679 1.7468937605454282 -0.06480856278015062
v -0.3264235777617418 1.7414477585189876 -0.0025465767229356506
vt 0.1328125 0.59375
vt 0.140625 0.59375
vt 0.140625 0.578125
vt 0.1328125 0.578125
vt 0.125 0.59375
vt 0.1328125 0.59375
vt 0.1328125 0.578125
vt 0.125 0.578125
vt 0.1484375 0.59375
vt 0.15625 0.59375
vt 0.15625 0.578125
vt 0.1484375 0.578125
vt 0.140625 0.59375
vt 0.1484375 0.59375
vt 0.1484375 0.578125
vt 0.140625 0.578125
vt 0.140625 0.59375
vt 0.1328125 0.59375
vt 0.1328125 0.6015625
vt 0.140625 0.6015625
vt 0.1484375 0.6015625
vt 0.140625 0.6015625
vt 0.140625 0.59375
vt 0.1484375 0.59375
vn -0.0030422786900170923 0.08713603242305133 -0.9961917769154397
vn 0.9993910584593432 0.03489286849076408 0
vn 0.0030422786900170923 -0.08713603242305133 0.9961917769154397
vn -0.9993910584593432 -0.03489286849076408 0
vn -0.03475998866349103 0.9955851543600152 0.08718912550346394
vn 0.03475998866349103 -0.9955851543600152 -0.08718912550346394
usemtl m_aad9b663-e4ab-48be-4205-673054ad3f92
f 628/1876/469 631/1875/469 629/1874/469 626/1873/469
f 627/1880/470 628/1879/470 626/1878/470 625/1877/470
f 632/1884/471 627/1883/471 625/1882/471 630/1881/471
f 631/1888/472 632/1887/472 630/1886/472 629/1885/472
f 630/1892/473 625/1891/473 626/1890/473 629/1889/473
f 631/1896/474 628/1895/474 627/1894/474 632/1893/474
o bone10
v -0.27041395687300285 1.6980783263490686 -0.12329606107343882
v -0.2498625632661453 1.6224826820507798 -0.29364625562555136
v -0.2710769423675126 1.6409243307681545 -0.09801303832355934
v -0.2505255487606551 1.5653286864698657 -0.2683632328756719
v -0.31198246012601055 1.6203138199487588 -0.30017805869224923
v -0.3325338537328681 1.6959094642470476 -0.1298278641401367
v -0.3126454456205203 1.5631598243678446 -0.27489503594236975
v -0.33319683922737786 1.6387554686661334 -0.10454484139025721
vt 0.1796875 0.8515625
vt 0.1875 0.8515625
vt 0.1875 0.84375
vt 0.1796875 0.84375
vt 0.15625 0.8515625
vt 0.1796875 0.8515625
vt 0.1796875 0.84375
vt 0.15625 0.84375
vt 0.2109375 0.8515625
vt 0.21875 0.8515625
vt 0.21875 0.84375
vt 0.2109375 0.84375
vt 0.1875 0.8515625
vt 0.2109375 0.8515625
vt 0.2109375 0.84375
vt 0.1875 0.84375
vt 0.1875 0.8515625
vt 0.1796875 0.8515625
vt 0.1796875 0.875
vt 0.1875 0.875
vt 0.1953125 0.875
vt 0.1875 0.875
vt 0.1875 0.8515625
vt 0.1953125 0.8515625
vn 0.109607432569907 -0.4031767695908742 -0.9085343709446002
vn 0.9939183497578437 0.03470179363233575 0.10450884906716595
vn -0.109607432569907 0.4031767695908742 0.9085343709446002
vn -0.9939183497578437 -0.03470179363233575 -0.10450884906716595
vn 0.010607767912156731 0.9144639292946257 -0.4045283639980712
vn -0.010607767912156731 -0.9144639292946257 0.4045283639980712
usemtl m_aad9b663-e4ab-48be-4205-673054ad3f92
f 636/1900/475 639/1899/475 637/1898/475 634/1897/475
f 635/1904/476 636/1903/476 634/1902/476 633/1901/476
f 640/1908/477 635/1907/477 633/1906/477 638/1905/477
f 639/1912/478 640/1911/478 638/1910/478 637/1909/478
f 638/1916/479 633/1915/479 634/1914/479 637/1913/479
f 639/1920/480 636/1919/480 635/1918/480 640/1917/480
o bone18
v -0.10577945632294292 1.61159240494249 -0.30193379613405985
v -0.1261921552495925 1.5990814815160614 -0.3596663564232761
v -0.11265700342428198 1.55142891192175 -0.2864643600288808
v -0.13306970235093157 1.5389179884953215 -0.34419692031809707
v -0.30220476734199164 1.6332973860496636 -0.3048477258187268
v -0.2817920684153421 1.645808309476092 -0.24711516552951035
v -0.30908231444333073 1.5731338930289236 -0.2893782897135478
v -0.28866961551668113 1.585644816455352 -0.23164572942433131
vt 0.0078125 0.9453125
vt 0.03125 0.9453125
vt 0.03125 0.9375
vt 0.0078125 0.9375
vt 0 0.9453125
vt 0.0078125 0.9453125
vt 0.0078125 0.9375
vt 0 0.9375
vt 0.0390625 0.9453125
vt 0.0625 0.9453125
vt 0.0625 0.9375
vt 0.0390625 0.9375
vt 0.03125 0.9453125
vt 0.0390625 0.9453125
vt 0.0390625 0.9375
vt 0.03125 0.9375
vt 0.03125 0.9453125
vt 0.0078125 0.9453125
vt 0.0078125 0.953125
vt 0.03125 0.953125
vt 0.0546875 0.953125
vt 0.03125 0.953125
vt 0.03125 0.9453125
vt 0.0546875 0.9453125
vn -0.3266031828263937 -0.20017477482285517 -0.9237209646274618
vn 0.9387339311594624 -0.18248482417921158 -0.2923660298909299
vn 0.3266031828263937 0.20017477482285517 0.9237209646274618
vn -0.9387339311594624 0.18248482417921158 0.2923660298909299
vn 0.11004075362142508 0.9626158883318422 -0.2475109776828644
vn -0.11004075362142508 -0.9626158883318422 0.2475109776828644
usemtl m_aad9b663-e4ab-48be-4205-673054ad3f92
f 644/1924/481 647/1923/481 645/1922/481 642/1921/481
f 643/1928/482 644/1927/482 642/1926/482 641/1925/482
f 648/1932/483 643/1931/483 641/1930/483 646/1929/483
f 647/1936/484 648/1935/484 646/1934/484 645/1933/484
f 646/1940/485 641/1939/485 642/1938/485 645/1937/485
f 647/1944/486 644/1943/486 643/1942/486 648/1941/486
o bone15
v 0.30234900114554913 1.8119158369526502 0.06417457952027344
v 0.3029194283999273 1.8282538430319724 -0.1226113786513715
v 0.29583150327114455 1.6252436205101475 0.04782661848837394
v 0.2964019305255227 1.6415816265894696 -0.138959339683271
v 0.24045748724621835 1.8304346473126452 -0.1226113786513715
v 0.23988705999184018 1.814096641233323 0.06417457952027344
v 0.23393998937181376 1.6437624308701424 -0.138959339683271
v 0.2333695621174356 1.6274244247908203 0.04782661848837394
vt 0.0234375 0.9765625
vt 0.03125 0.9765625
vt 0.03125 0.953125
vt 0.0234375 0.953125
vt 0 0.9765625
vt 0.0234375 0.9765625
vt 0.0234375 0.953125
vt 0 0.953125
vt 0.0546875 0.9765625
vt 0.0625 0.9765625
vt 0.0625 0.953125
vt 0.0546875 0.953125
vt 0.03125 0.9765625
vt 0.0546875 0.9765625
vt 0.0546875 0.953125
vt 0.03125 0.953125
vt 0.03125 0.9765625
vt 0.0234375 0.9765625
vt 0.0234375 1
vt 0.03125 1
vt 0.0390625 1
vt 0.03125 1
vt 0.03125 0.9765625
vt 0.0390625 0.9765625
vn 0.0030422786900170923 0.08713603242305133 -0.9961917769154397
vn 0.9993910584593432 -0.03489286849076408 0
vn -0.0030422786900170923 -0.08713603242305133 0.9961917769154397
vn -0.9993910584593432 0.03489286849076408 0
vn 0.03475998866349103 0.9955851543600152 0.08718912550346394
vn -0.03475998866349103 -0.9955851543600152 -0.08718912550346394
usemtl m_aad9b663-e4ab-48be-4205-673054ad3f92
f 652/1948/487 655/1947/487 653/1946/487 650/1945/487
f 651/1952/488 652/1951/488 650/1950/488 649/1949/488
f 656/1956/489 651/1955/489 649/1954/489 654/1953/489
f 655/1960/490 656/1959/490 654/1958/490 653/1957/490
f 654/1964/491 649/1963/491 650/1962/491 653/1961/491
f 655/1968/492 652/1967/492 651/1966/492 656/1965/492
o bone15
v 0.32549113897853765 1.8666346292591034 0.008400562916058646
v 0.32568128139666375 1.872080631285544 -0.05386142314115633
v 0.3211461403956013 1.7421864849641016 -0.0024980777718743297
v 0.3213362828137274 1.7476324869905422 -0.0647600638290893
v 0.2632193402429548 1.8742614355662168 -0.05386142314115633
v 0.2630291978248287 1.8688154335397762 0.008400562916058646
v 0.25887434166001844 1.749813291271215 -0.0647600638290893
v 0.25868419924189234 1.7443672892447744 -0.0024980777718743297
vt 0.4609375 0.921875
vt 0.46875 0.921875
vt 0.46875 0.90625
vt 0.4609375 0.90625
vt 0.453125 0.921875
vt 0.4609375 0.921875
vt 0.4609375 0.90625
vt 0.453125 0.90625
vt 0.4765625 0.921875
vt 0.484375 0.921875
vt 0.484375 0.90625
vt 0.4765625 0.90625
vt 0.46875 0.921875
vt 0.4765625 0.921875
vt 0.4765625 0.90625
vt 0.46875 0.90625
vt 0.46875 0.921875
vt 0.4609375 0.921875
vt 0.4609375 0.9296875
vt 0.46875 0.9296875
vt 0.4765625 0.9296875
vt 0.46875 0.9296875
vt 0.46875 0.921875
vt 0.4765625 0.921875
vn 0.0030422786900170923 0.08713603242305133 -0.9961917769154397
vn 0.9993910584593432 -0.03489286849076408 0
vn -0.0030422786900170923 -0.08713603242305133 0.9961917769154397
vn -0.9993910584593432 0.03489286849076408 0
vn 0.03475998866349103 0.9955851543600152 0.08718912550346394
vn -0.03475998866349103 -0.9955851543600152 -0.08718912550346394
usemtl m_aad9b663-e4ab-48be-4205-673054ad3f92
f 660/1972/493 663/1971/493 661/1970/493 658/1969/493
f 659/1976/494 660/1975/494 658/1974/494 657/1973/494
f 664/1980/495 659/1979/495 657/1978/495 662/1977/495
f 663/1984/496 664/1983/496 662/1982/496 661/1981/496
f 662/1988/497 657/1987/497 658/1986/497 661/1985/497
f 663/1992/498 660/1991/498 659/1990/498 664/1989/498
o bone3
v -0.22348225805597333 1.9323829266222632 0.15073433901783878
v -0.23107913747558945 1.896635485605556 0.031196027653486336
v -0.2731798587135212 1.6985287412326355 0.22382584649057133
v -0.2807767381331373 1.6627813002159284 0.10428753512621886
v -0.2922138750339215 1.9096275548662192 0.031196027653486336
v -0.28461699561430537 1.9453749958829263 0.15073433901783878
v -0.34191147569146935 1.6757733694765915 0.10428753512621886
v -0.3343145962718532 1.7115208104932986 0.22382584649057133
vt 0.3671875 0.984375
vt 0.375 0.984375
vt 0.375 0.953125
vt 0.3671875 0.953125
vt 0.3515625 0.984375
vt 0.3671875 0.984375
vt 0.3671875 0.953125
vt 0.3515625 0.953125
vt 0.390625 0.984375
vt 0.3984375 0.984375
vt 0.3984375 0.953125
vt 0.390625 0.953125
vt 0.375 0.984375
vt 0.390625 0.984375
vt 0.390625 0.953125
vt 0.375 0.953125
vt 0.375 0.984375
vt 0.3671875 0.984375
vt 0.3671875 1
vt 0.375 1
vt 0.3828125 1
vt 0.375 1
vt 0.375 0.984375
vt 0.3828125 0.984375
vn -0.06077503535692872 -0.28597952813365546 -0.9563064909148196
vn 0.9781558009333127 -0.20787310817060875 6.938893903907228e-18
vn 0.06077503535692872 0.28597952813365546 0.9563064909148196
vn -0.9781558009333127 0.20787310817060875 -6.938893903907228e-18
vn 0.19879040263019157 0.9354167415585111 -0.29236602989093
vn -0.19879040263019157 -0.9354167415585111 0.29236602989093
usemtl m_aad9b663-e4ab-48be-4205-673054ad3f92
f 668/1996/499 671/1995/499 669/1994/499 666/1993/499
f 667/2000/500 668/1999/500 666/1998/500 665/1997/500
f 672/2004/501 667/2003/501 665/2002/501 670/2001/501
f 671/2008/502 672/2007/502 670/2006/502 669/2005/502
f 670/2012/503 665/2011/503 666/2010/503 669/2009/503
f 671/2016/504 668/2015/504 667/2014/504 672/2013/504
o bone5
v 0.2829506585557586 1.9457294778107534 0.1513981991274686
v 0.29054753797537475 1.9099820367940465 0.03185988776311616
v 0.3326482592133065 1.7118752924211256 0.2244897066002011
v 0.3402451386329226 1.6761278514044187 0.10495139523584868
v 0.2294128004170427 1.8969899675333834 0.03185988776311616
v 0.22181592099742659 1.9327374085500904 0.1513981991274686
v 0.27911040107459056 1.6631357821437556 0.10495139523584868
v 0.27151352165497444 1.6988832231604625 0.2244897066002011
vt 0.203125 0.984375
vt 0.2109375 0.984375
vt 0.2109375 0.953125
vt 0.203125 0.953125
vt 0.1875 0.984375
vt 0.203125 0.984375
vt 0.203125 0.953125
vt 0.1875 0.953125
vt 0.2265625 0.984375
vt 0.234375 0.984375
vt 0.234375 0.953125
vt 0.2265625 0.953125
vt 0.2109375 0.984375
vt 0.2265625 0.984375
vt 0.2265625 0.953125
vt 0.2109375 0.953125
vt 0.2109375 0.984375
vt 0.203125 0.984375
vt 0.203125 1
vt 0.2109375 1
vt 0.21875 1
vt 0.2109375 1
vt 0.2109375 0.984375
vt 0.21875 0.984375
vn 0.06077503535692872 -0.28597952813365546 -0.9563064909148196
vn 0.9781558009333127 0.20787310817060875 -6.938893903907228e-18
vn -0.06077503535692872 0.28597952813365546 0.9563064909148196
vn -0.9781558009333127 -0.20787310817060875 6.938893903907228e-18
vn -0.19879040263019157 0.9354167415585111 -0.29236602989093
vn 0.19879040263019157 -0.9354167415585111 0.29236602989093
usemtl m_aad9b663-e4ab-48be-4205-673054ad3f92
f 676/2020/505 679/2019/505 677/2018/505 674/2017/505
f 675/2024/506 676/2023/506 674/2022/506 673/2021/506
f 680/2028/507 675/2027/507 673/2026/507 678/2025/507
f 679/2032/508 680/2031/508 678/2030/508 677/2029/508
f 678/2036/509 673/2035/509 674/2034/509 677/2033/509
f 679/2040/510 676/2039/510 675/2038/510 680/2037/510
o bone11
v 0.21875 2.05625 0.219375
v 0.21875 2.05625 -0.218125
v 0.21875 1.99375 0.219375
v 0.21875 1.99375 -0.218125
v -0.21875 2.05625 -0.218125
v -0.21875 2.05625 0.219375
v -0.21875 1.99375 -0.218125
v -0.21875 1.99375 0.219375
vt 0.2421875 0.9453125
vt 0.296875 0.9453125
vt 0.296875 0.9375
vt 0.2421875 0.9375
vt 0.1875 0.9453125
vt 0.2421875 0.9453125
vt 0.2421875 0.9375
vt 0.1875 0.9375
vt 0.3515625 0.9453125
vt 0.40625 0.9453125
vt 0.40625 0.9375
vt 0.3515625 0.9375
vt 0.296875 0.9453125
vt 0.3515625 0.9453125
vt 0.3515625 0.9375
vt 0.296875 0.9375
vt 0.296875 0.9453125
vt 0.2421875 0.9453125
vt 0.2421875 1
vt 0.296875 1
vt 0.3515625 1
vt 0.296875 1
vt 0.296875 0.9453125
vt 0.3515625 0.9453125
vn 0 0 -1
vn 1 0 0
vn 0 0 1
vn -1 0 0
vn 0 1 0
vn 0 -1 0
usemtl m_aad9b663-e4ab-48be-4205-673054ad3f92
f 684/2044/511 687/2043/511 685/2042/511 682/2041/511
f 683/2048/512 684/2047/512 682/2046/512 681/2045/512
f 688/2052/513 683/2051/513 681/2050/513 686/2049/513
f 687/2056/514 688/2055/514 686/2054/514 685/2053/514
f 686/2060/515 681/2059/515 682/2058/515 685/2057/515
f 687/2064/516 684/2063/516 683/2062/516 688/2061/516
o bone12
v 0.21875 2.010884985399361 -0.1750079475152324
v 0.21875 2.0550792440701615 -0.21920203649258752
v 0.21875 1.9666908964220062 -0.21920220618603303
v 0.21875 2.010885155092807 -0.26339629516338814
v -0.21875 2.0550792440701615 -0.21920203649258752
v -0.21875 2.010884985399361 -0.1750079475152324
v -0.21875 2.010885155092807 -0.26339629516338814
v -0.21875 1.9666908964220062 -0.21920220618603303
vt 0.546875 0.671875
vt 0.6015625 0.671875
vt 0.6015625 0.6640625
vt 0.546875 0.6640625
vt 0.5390625 0.671875
vt 0.546875 0.671875
vt 0.546875 0.6640625
vt 0.5390625 0.6640625
vt 0.609375 0.671875
vt 0.6640625 0.671875
vt 0.6640625 0.6640625
vt 0.609375 0.6640625
vt 0.6015625 0.671875
vt 0.609375 0.671875
vt 0.609375 0.6640625
vt 0.6015625 0.6640625
vt 0.6015625 0.671875
vt 0.546875 0.671875
vt 0.546875 0.6796875
vt 0.6015625 0.6796875
vt 0.65625 0.6796875
vt 0.6015625 0.6796875
vt 0.6015625 0.671875
vt 0.65625 0.671875
vn 0 0.7071081387328089 -0.7071054236376799
vn 1 0 0
vn 0 -0.7071081387328089 0.7071054236376799
vn -1 0 0
vn 0 0.7071054236376799 0.7071081387328089
vn 0 -0.7071054236376799 -0.7071081387328089
usemtl m_aad9b663-e4ab-48be-4205-673054ad3f92
f 692/2068/517 695/2067/517 693/2066/517 690/2065/517
f 691/2072/518 692/2071/518 690/2070/518 689/2069/518
f 696/2076/519 691/2075/519 689/2074/519 694/2073/519
f 695/2080/520 696/2079/520 694/2078/520 693/2077/520
f 694/2084/521 689/2083/521 690/2082/521 693/2081/521
f 695/2088/522 692/2087/522 691/2086/522 696/2085/522
o bone12
v 0.21875 2.0108841454677133 0.2624878568388427
v 0.21875 2.055078404138514 0.2182937678614878
v 0.21875 1.9666900564903587 0.21829359816804228
v 0.21875 2.0108843151611593 0.1740995091906874
v -0.21875 2.055078404138514 0.2182937678614878
v -0.21875 2.0108841454677133 0.2624878568388427
v -0.21875 2.0108843151611593 0.1740995091906874
v -0.21875 1.9666900564903587 0.21829359816804228
vt 0.1953125 0.8203125
vt 0.25 0.8203125
vt 0.25 0.8125
vt 0.1953125 0.8125
vt 0.1875 0.8203125
vt 0.1953125 0.8203125
vt 0.1953125 0.8125
vt 0.1875 0.8125
vt 0.2578125 0.8203125
vt 0.3125 0.8203125
vt 0.3125 0.8125
vt 0.2578125 0.8125
vt 0.25 0.8203125
vt 0.2578125 0.8203125
vt 0.2578125 0.8125
vt 0.25 0.8125
vt 0.25 0.8203125
vt 0.1953125 0.8203125
vt 0.1953125 0.828125
vt 0.25 0.828125
vt 0.3046875 0.828125
vt 0.25 0.828125
vt 0.25 0.8203125
vt 0.3046875 0.8203125
vn 0 0.7071081387328089 -0.7071054236376799
vn 1 0 0
vn 0 -0.7071081387328089 0.7071054236376799
vn -1 0 0
vn 0 0.7071054236376799 0.7071081387328089
vn 0 -0.7071054236376799 -0.7071081387328089
usemtl m_aad9b663-e4ab-48be-4205-673054ad3f92
f 700/2092/523 703/2091/523 701/2090/523 698/2089/523
f 699/2096/524 700/2095/524 698/2094/524 697/2093/524
f 704/2100/525 699/2099/525 697/2098/525 702/2097/525
f 703/2104/526 704/2103/526 702/2102/526 701/2101/526
f 702/2108/527 697/2107/527 698/2106/527 701/2105/527
f 703/2112/528 700/2111/528 699/2110/528 704/2109/528
o bone13
v -0.2165525208066883 2.0568461744344386 0.21875
v -0.2165525208066883 2.0568461744344386 -0.21875
v -0.17235826213588767 2.0126520854570833 0.21875
v -0.17235826213588767 2.0126520854570833 -0.21875
v -0.2607466097840434 2.0126519157636378 -0.21875
v -0.2607466097840434 2.0126519157636378 0.21875
v -0.21655235111324278 1.9684578267862827 -0.21875
v -0.21655235111324278 1.9684578267862827 0.21875
vt 0.5390625 0.6015625
vt 0.546875 0.6015625
vt 0.546875 0.59375
vt 0.5390625 0.59375
vt 0.484375 0.6015625
vt 0.5390625 0.6015625
vt 0.5390625 0.59375
vt 0.484375 0.59375
vt 0.6015625 0.6015625
vt 0.609375 0.6015625
vt 0.609375 0.59375
vt 0.6015625 0.59375
vt 0.546875 0.6015625
vt 0.6015625 0.6015625
vt 0.6015625 0.59375
vt 0.546875 0.59375
vt 0.546875 0.6015625
vt 0.5390625 0.6015625
vt 0.5390625 0.65625
vt 0.546875 0.65625
vt 0.5546875 0.65625
vt 0.546875 0.65625
vt 0.546875 0.6015625
vt 0.5546875 0.6015625
vn 0 0 -1
vn 0.7071054236376799 0.7071081387328089 0
vn 0 0 1
vn -0.7071054236376799 -0.7071081387328089 0
vn -0.7071081387328089 0.7071054236376799 0
vn 0.7071081387328089 -0.7071054236376799 0
usemtl m_aad9b663-e4ab-48be-4205-673054ad3f92
f 708/2116/529 711/2115/529 709/2114/529 706/2113/529
f 707/2120/530 708/2119/530 706/2118/530 705/2117/530
f 712/2124/531 707/2123/531 705/2122/531 710/2121/531
f 711/2128/532 712/2127/532 710/2126/532 709/2125/532
f 710/2132/533 705/2131/533 706/2130/533 709/2129/533
f 711/2136/534 708/2135/534 707/2134/534 712/2133/534
o bone13
v 0.21562230323718734 2.057775081800846 0.21875
v 0.21562230323718734 2.057775081800846 -0.21875
v 0.25981656190798774 2.013580992823491 0.21875
v 0.25981656190798774 2.013580992823491 -0.21875
v 0.17142821425983235 2.013580823130045 -0.21875
v 0.17142821425983235 2.013580823130045 0.21875
v 0.21562247293063275 1.9693867341526903 -0.21875
v 0.21562247293063275 1.9693867341526903 0.21875
vt 0.5234375 0.6640625
vt 0.53125 0.6640625
vt 0.53125 0.65625
vt 0.5234375 0.65625
vt 0.46875 0.6640625
vt 0.5234375 0.6640625
vt 0.5234375 0.65625
vt 0.46875 0.65625
vt 0.5859375 0.6640625
vt 0.59375 0.6640625
vt 0.59375 0.65625
vt 0.5859375 0.65625
vt 0.53125 0.6640625
vt 0.5859375 0.6640625
vt 0.5859375 0.65625
vt 0.53125 0.65625
vt 0.53125 0.6640625
vt 0.5234375 0.6640625
vt 0.5234375 0.71875
vt 0.53125 0.71875
vt 0.5390625 0.71875
vt 0.53125 0.71875
vt 0.53125 0.6640625
vt 0.5390625 0.6640625
vn 0 0 -1
vn 0.7071054236376799 0.7071081387328089 0
vn 0 0 1
vn -0.7071054236376799 -0.7071081387328089 0
vn -0.7071081387328089 0.7071054236376799 0
vn 0.7071081387328089 -0.7071054236376799 0
usemtl m_aad9b663-e4ab-48be-4205-673054ad3f92
f 716/2140/535 719/2139/535 717/2138/535 714/2137/535
f 715/2144/536 716/2143/536 714/2142/536 713/2141/536
f 720/2148/537 715/2147/537 713/2146/537 718/2145/537
f 719/2152/538 720/2151/538 718/2150/538 717/2149/538
f 718/2156/539 713/2155/539 714/2154/539 717/2153/539
f 719/2160/540 716/2159/540 715/2158/540 720/2157/540
o bone4
v 0.2584373898313966 2.0085817443571727 0.25
v 0.2584373898313966 2.0085817443571727 -0.25
v 0.29741359761338576 1.8251775316821768 0.25
v 0.29741359761338576 1.8251775316821768 -0.25
v 0.19730265227306454 1.9955896750965099 -0.25
v 0.19730265227306454 1.9955896750965099 0.25
v 0.23627886005505372 1.8121854624215137 -0.25
v 0.23627886005505372 1.8121854624215137 0.25
vt 0.4296875 0.828125
vt 0.4375 0.828125
vt 0.4375 0.8046875
vt 0.4296875 0.8046875
vt 0.3671875 0.828125
vt 0.4296875 0.828125
vt 0.4296875 0.8046875
vt 0.3671875 0.8046875
vt 0.5 0.828125
vt 0.5078125 0.828125
vt 0.5078125 0.8046875
vt 0.5 0.8046875
vt 0.4375 0.828125
vt 0.5 0.828125
vt 0.5 0.8046875
vt 0.4375 0.8046875
vt 0.4375 0.828125
vt 0.4296875 0.828125
vt 0.4296875 0.890625
vt 0.4375 0.890625
vt 0.4453125 0.890625
vt 0.4375 0.890625
vt 0.4375 0.828125
vt 0.4453125 0.828125
vn 0 0 -1
vn 0.9781558009333127 0.20787310817060875 0
vn 0 0 1
vn -0.9781558009333127 -0.20787310817060875 0
vn -0.20787310817060875 0.9781558009333127 0
vn 0.20787310817060875 -0.9781558009333127 0
usemtl m_aad9b663-e4ab-48be-4205-673054ad3f92
f 724/2164/541 727/2163/541 725/2162/541 722/2161/541
f 723/2168/542 724/2167/542 722/2166/542 721/2165/542
f 728/2172/543 723/2171/543 721/2170/543 726/2169/543
f 727/2176/544 728/2175/544 726/2174/544 725/2173/544
f 726/2180/545 721/2179/545 722/2178/545 725/2177/545
f 727/2184/546 724/2183/546 723/2182/546 728/2181/546
o bone4
v 0.2843939165652963 1.945282179961161 0.1375
v 0.2843939165652963 1.945282179961161 -0.175
v 0.31037805508662236 1.8230127048444968 0.1375
v 0.31037805508662236 1.8230127048444968 -0.175
v 0.22325917900696424 1.932290110700498 -0.175
v 0.22325917900696424 1.932290110700498 0.1375
v 0.24924331752829032 1.8100206355838337 -0.175
v 0.24924331752829032 1.8100206355838337 0.1375
vt 0.1953125 0.3671875
vt 0.203125 0.3671875
vt 0.203125 0.3515625
vt 0.1953125 0.3515625
vt 0.15625 0.3671875
vt 0.1953125 0.3671875
vt 0.1953125 0.3515625
vt 0.15625 0.3515625
vt 0.2421875 0.3671875
vt 0.25 0.3671875
vt 0.25 0.3515625
vt 0.2421875 0.3515625
vt 0.203125 0.3671875
vt 0.2421875 0.3671875
vt 0.2421875 0.3515625
vt 0.203125 0.3515625
vt 0.203125 0.3671875
vt 0.1953125 0.3671875
vt 0.1953125 0.40625
vt 0.203125 0.40625
vt 0.2109375 0.40625
vt 0.203125 0.40625
vt 0.203125 0.3671875
vt 0.2109375 0.3671875
vn 0 0 -1
vn 0.9781558009333127 0.20787310817060875 0
vn 0 0 1
vn -0.9781558009333127 -0.20787310817060875 0
vn -0.20787310817060875 0.9781558009333127 0
vn 0.20787310817060875 -0.9781558009333127 0
usemtl m_aad9b663-e4ab-48be-4205-673054ad3f92
f 732/2188/547 735/2187/547 733/2186/547 730/2185/547
f 731/2192/548 732/2191/548 730/2190/548 729/2189/548
f 736/2196/549 731/2195/549 729/2194/549 734/2193/549
f 735/2200/550 736/2199/550 734/2198/550 733/2197/550
f 734/2204/551 729/2203/551 730/2202/551 733/2201/551
f 735/2208/552 732/2207/552 731/2206/552 736/2205/552
o bone4
v 0.2883002401136246 1.8650541832477425 0.25
v 0.2883002401136246 1.8650541832477425 0.125
v 0.3272764478956137 1.6816499705727466 0.25
v 0.3272764478956137 1.6816499705727466 0.125
v 0.22716550255529255 1.8520621139870794 0.125
v 0.22716550255529255 1.8520621139870794 0.25
v 0.2661417103372817 1.6686579013120835 0.125
v 0.2661417103372817 1.6686579013120835 0.25
vt 0.015625 0.265625
vt 0.0234375 0.265625
vt 0.0234375 0.2421875
vt 0.015625 0.2421875
vt 0 0.265625
vt 0.015625 0.265625
vt 0.015625 0.2421875
vt 0 0.2421875
vt 0.0390625 0.265625
vt 0.046875 0.265625
vt 0.046875 0.2421875
vt 0.0390625 0.2421875
vt 0.0234375 0.265625
vt 0.0390625 0.265625
vt 0.0390625 0.2421875
vt 0.0234375 0.2421875
vt 0.0234375 0.265625
vt 0.015625 0.265625
vt 0.015625 0.28125
vt 0.0234375 0.28125
vt 0.03125 0.28125
vt 0.0234375 0.28125
vt 0.0234375 0.265625
vt 0.03125 0.265625
vn 0 0 -1
vn 0.9781558009333127 0.20787310817060875 0
vn 0 0 1
vn -0.9781558009333127 -0.20787310817060875 0
vn -0.20787310817060875 0.9781558009333127 0
vn 0.20787310817060875 -0.9781558009333127 0
usemtl m_aad9b663-e4ab-48be-4205-673054ad3f92
f 740/2212/553 743/2211/553 741/2210/553 738/2209/553
f 739/2216/554 740/2215/554 738/2214/554 737/2213/554
f 744/2220/555 739/2219/555 737/2218/555 742/2217/555
f 743/2224/556 744/2223/556 742/2222/556 741/2221/556
f 742/2228/557 737/2227/557 738/2226/557 741/2225/557
f 743/2232/558 740/2231/558 739/2230/558 744/2229/558
o bone8
v 0.2625 1.8431820426728163 -0.1291480181300257
v 0.2625 1.8529604572947813 -0.19087833975142127
v 0.2625 1.5345304345658382 -0.17804009123985073
v 0.2625 1.5443088491878032 -0.2397704128612463
v 0.2 1.8529604572947813 -0.19087833975142127
v 0.2 1.8431820426728163 -0.1291480181300257
v 0.2 1.5443088491878032 -0.2397704128612463
v 0.2 1.5345304345658382 -0.17804009123985073
vt 0.3359375 0.5625
vt 0.34375 0.5625
vt 0.34375 0.5234375
vt 0.3359375 0.5234375
vt 0.328125 0.5625
vt 0.3359375 0.5625
vt 0.3359375 0.5234375
vt 0.328125 0.5234375
vt 0.3515625 0.5625
vt 0.359375 0.5625
vt 0.359375 0.5234375
vt 0.3515625 0.5234375
vt 0.34375 0.5625
vt 0.3515625 0.5625
vt 0.3515625 0.5234375
vt 0.34375 0.5234375
vt 0.34375 0.5625
vt 0.3359375 0.5625
vt 0.3359375 0.5703125
vt 0.34375 0.5703125
vt 0.3515625 0.5703125
vt 0.34375 0.5703125
vt 0.34375 0.5625
vt 0.3515625 0.5625
vn 0 0.15645463395144013 -0.9876851459423296
vn 1 0 0
vn 0 -0.15645463395144013 0.9876851459423296
vn -1 0 0
vn 0 0.9876851459423296 0.15645463395144013
vn 0 -0.9876851459423296 -0.15645463395144013
usemtl m_aad9b663-e4ab-48be-4205-673054ad3f92
f 748/2236/559 751/2235/559 749/2234/559 746/2233/559
f 747/2240/560 748/2239/560 746/2238/560 745/2237/560
f 752/2244/561 747/2243/561 745/2242/561 750/2241/561
f 751/2248/562 752/2247/562 750/2246/562 749/2245/562
f 750/2252/563 745/2251/563 746/2250/563 749/2249/563
f 751/2256/564 748/2255/564 747/2254/564 752/2253/564
o bone8
v -0.2 1.8431820426728163 -0.1291480181300257
v -0.2 1.8529604572947813 -0.19087833975142127
v -0.2 1.5345304345658382 -0.17804009123985073
v -0.2 1.5443088491878032 -0.2397704128612463
v -0.2625 1.8529604572947813 -0.19087833975142127
v -0.2625 1.8431820426728163 -0.1291480181300257
v -0.2625 1.5443088491878032 -0.2397704128612463
v -0.2625 1.5345304345658382 -0.17804009123985073
vt 0.1484375 0.7421875
vt 0.15625 0.7421875
vt 0.15625 0.703125
vt 0.1484375 0.703125
vt 0.140625 0.7421875
vt 0.1484375 0.7421875
vt 0.1484375 0.703125
vt 0.140625 0.703125
vt 0.1640625 0.7421875
vt 0.171875 0.7421875
vt 0.171875 0.703125
vt 0.1640625 0.703125
vt 0.15625 0.7421875
vt 0.1640625 0.7421875
vt 0.1640625 0.703125
vt 0.15625 0.703125
vt 0.15625 0.7421875
vt 0.1484375 0.7421875
vt 0.1484375 0.75
vt 0.15625 0.75
vt 0.1640625 0.75
vt 0.15625 0.75
vt 0.15625 0.7421875
vt 0.1640625 0.7421875
vn 0 0.15645463395144013 -0.9876851459423296
vn 1 0 0
vn 0 -0.15645463395144013 0.9876851459423296
vn -1 0 0
vn 0 0.9876851459423296 0.15645463395144013
vn 0 -0.9876851459423296 -0.15645463395144013
usemtl m_aad9b663-e4ab-48be-4205-673054ad3f92
f 756/2260/565 759/2259/565 757/2258/565 754/2257/565
f 755/2264/566 756/2263/566 754/2262/566 753/2261/566
f 760/2268/567 755/2267/567 753/2266/567 758/2265/567
f 759/2272/568 760/2271/568 758/2270/568 757/2269/568
f 758/2276/569 753/2275/569 754/2274/569 757/2273/569
f 759/2280/570 756/2279/570 755/2278/570 760/2277/570
o bone8
v -0.2 1.7267347730746965 0.27277033276472423
v -0.2 1.7365131876966615 0.21104001114332865
v -0.2 1.6032741298319053 0.2532135035207942
v -0.2 1.6130525444538704 0.19148318189939856
v -0.2625 1.7365131876966615 0.21104001114332865
v -0.2625 1.7267347730746965 0.27277033276472423
v -0.2625 1.6130525444538704 0.19148318189939856
v -0.2625 1.6032741298319053 0.2532135035207942
vt 0.0078125 0.6328125
vt 0.015625 0.6328125
vt 0.015625 0.6171875
vt 0.0078125 0.6171875
vt 0 0.6328125
vt 0.0078125 0.6328125
vt 0.0078125 0.6171875
vt 0 0.6171875
vt 0.0234375 0.6328125
vt 0.03125 0.6328125
vt 0.03125 0.6171875
vt 0.0234375 0.6171875
vt 0.015625 0.6328125
vt 0.0234375 0.6328125
vt 0.0234375 0.6171875
vt 0.015625 0.6171875
vt 0.015625 0.6328125
vt 0.0078125 0.6328125
vt 0.0078125 0.640625
vt 0.015625 0.640625
vt 0.0234375 0.640625
vt 0.015625 0.640625
vt 0.015625 0.6328125
vt 0.0234375 0.6328125
vn 0 0.15645463395144013 -0.9876851459423296
vn 1 0 0
vn 0 -0.15645463395144013 0.9876851459423296
vn -1 0 0
vn 0 0.9876851459423296 0.15645463395144013
vn 0 -0.9876851459423296 -0.15645463395144013
usemtl m_aad9b663-e4ab-48be-4205-673054ad3f92
f 764/2284/571 767/2283/571 765/2282/571 762/2281/571
f 763/2288/572 764/2287/572 762/2286/572 761/2285/572
f 768/2292/573 763/2291/573 761/2290/573 766/2289/573
f 767/2296/574 768/2295/574 766/2294/574 765/2293/574
f 766/2300/575 761/2299/575 762/2298/575 765/2297/575
f 767/2304/576 764/2303/576 763/2302/576 768/2301/576
o bone8
v 0.2625 1.7267347730746965 0.27277033276472423
v 0.2625 1.7365131876966615 0.21104001114332865
v 0.2625 1.6032741298319053 0.2532135035207942
v 0.2625 1.6130525444538704 0.19148318189939856
v 0.2 1.7365131876966615 0.21104001114332865
v 0.2 1.7267347730746965 0.27277033276472423
v 0.2 1.6130525444538704 0.19148318189939856
v 0.2 1.6032741298319053 0.2532135035207942
vt 0.203125 0.8671875
vt 0.2109375 0.8671875
vt 0.2109375 0.8515625
vt 0.203125 0.8515625
vt 0.1953125 0.8671875
vt 0.203125 0.8671875
vt 0.203125 0.8515625
vt 0.1953125 0.8515625
vt 0.21875 0.8671875
vt 0.2265625 0.8671875
vt 0.2265625 0.8515625
vt 0.21875 0.8515625
vt 0.2109375 0.8671875
vt 0.21875 0.8671875
vt 0.21875 0.8515625
vt 0.2109375 0.8515625
vt 0.2109375 0.8671875
vt 0.203125 0.8671875
vt 0.203125 0.875
vt 0.2109375 0.875
vt 0.21875 0.875
vt 0.2109375 0.875
vt 0.2109375 0.8671875
vt 0.21875 0.8671875
vn 0 0.15645463395144013 -0.9876851459423296
vn 1 0 0
vn 0 -0.15645463395144013 0.9876851459423296
vn -1 0 0
vn 0 0.9876851459423296 0.15645463395144013
vn 0 -0.9876851459423296 -0.15645463395144013
usemtl m_aad9b663-e4ab-48be-4205-673054ad3f92
f 772/2308/577 775/2307/577 773/2306/577 770/2305/577
f 771/2312/578 772/2311/578 770/2310/578 769/2309/578
f 776/2316/579 771/2315/579 769/2314/579 774/2313/579
f 775/2320/580 776/2319/580 774/2318/580 773/2317/580
f 774/2324/581 769/2323/581 770/2322/581 773/2321/581
f 775/2328/582 772/2327/582 771/2326/582 776/2325/582
o bone9
v 0.25625 1.6601342508912713 0.22591914243386704
v 0.25625 1.5647229858246483 -0.2648931337964516
v 0.25625 1.5987827163624815 0.2378455505671949
v 0.25625 1.5033714512958585 -0.2529667256631238
v 0.06874999999999999 1.5647229858246483 -0.2648931337964516
v 0.06874999999999999 1.6601342508912713 0.22591914243386704
v 0.06874999999999999 1.5033714512958585 -0.2529667256631238
v 0.06874999999999999 1.5987827163624815 0.2378455505671949
vt 0.421875 0.7265625
vt 0.4453125 0.7265625
vt 0.4453125 0.71875
vt 0.421875 0.71875
vt 0.359375 0.7265625
vt 0.421875 0.7265625
vt 0.421875 0.71875
vt 0.359375 0.71875
vt 0.5078125 0.7265625
vt 0.53125 0.7265625
vt 0.53125 0.71875
vt 0.5078125 0.71875
vt 0.4453125 0.7265625
vt 0.5078125 0.7265625
vt 0.5078125 0.71875
vt 0.4453125 0.71875
vt 0.4453125 0.7265625
vt 0.421875 0.7265625
vt 0.421875 0.7890625
vt 0.4453125 0.7890625
vt 0.46875 0.7890625
vt 0.4453125 0.7890625
vt 0.4453125 0.7265625
vt 0.46875 0.7265625
vn 0 -0.19082253013324568 -0.9816245524606373
vn 1 0 0
vn 0 0.19082253013324568 0.9816245524606373
vn -1 0 0
vn 0 0.9816245524606373 -0.19082253013324568
vn 0 -0.9816245524606373 0.19082253013324568
usemtl m_aad9b663-e4ab-48be-4205-673054ad3f92
f 780/2332/583 783/2331/583 781/2330/583 778/2329/583
f 779/2336/584 780/2335/584 778/2334/584 777/2333/584
f 784/2340/585 779/2339/585 777/2338/585 782/2337/585
f 783/2344/586 784/2343/586 782/2342/586 781/2341/586
f 782/2348/587 777/2347/587 778/2346/587 781/2345/587
f 783/2352/588 780/2351/588 779/2350/588 784/2349/588
o bone9
v 0.15625 1.5828982485930245 -0.21603866061473592
v 0.15625 1.5709718404596968 -0.27739019514352586
v 0.15625 1.5215467140642347 -0.20411225248140813
v 0.15625 1.509620305930907 -0.26546378701019796
v -0.15625 1.5709718404596968 -0.27739019514352586
v -0.15625 1.5828982485930245 -0.21603866061473592
v -0.15625 1.509620305930907 -0.26546378701019796
v -0.15625 1.5215467140642347 -0.20411225248140813
vt 0.375 0.796875
vt 0.4140625 0.796875
vt 0.4140625 0.7890625
vt 0.375 0.7890625
vt 0.3671875 0.796875
vt 0.375 0.796875
vt 0.375 0.7890625
vt 0.3671875 0.7890625
vt 0.421875 0.796875
vt 0.4609375 0.796875
vt 0.4609375 0.7890625
vt 0.421875 0.7890625
vt 0.4140625 0.796875
vt 0.421875 0.796875
vt 0.421875 0.7890625
vt 0.4140625 0.7890625
vt 0.4140625 0.796875
vt 0.375 0.796875
vt 0.375 0.8046875
vt 0.4140625 0.8046875
vt 0.453125 0.8046875
vt 0.4140625 0.8046875
vt 0.4140625 0.796875
vt 0.453125 0.796875
vn 0 -0.19082253013324568 -0.9816245524606373
vn 1 0 0
vn 0 0.19082253013324568 0.9816245524606373
vn -1 0 0
vn 0 0.9816245524606373 -0.19082253013324568
vn 0 -0.9816245524606373 0.19082253013324568
usemtl m_aad9b663-e4ab-48be-4205-673054ad3f92
f 788/2356/589 791/2355/589 789/2354/589 786/2353/589
f 787/2360/590 788/2359/590 786/2358/590 785/2357/590
f 792/2364/591 787/2363/591 785/2362/591 790/2361/591
f 791/2368/592 792/2367/592 790/2366/592 789/2365/592
f 790/2372/593 785/2371/593 786/2370/593 789/2369/593
f 791/2376/594 788/2375/594 787/2374/594 792/2373/594
o bone9
v -0.06874999999999999 1.6601342508912713 0.22591914243386704
v -0.06874999999999999 1.5647229858246483 -0.2648931337964516
v -0.06874999999999999 1.5987827163624815 0.2378455505671949
v -0.06874999999999999 1.5033714512958585 -0.2529667256631238
v -0.25625 1.5647229858246483 -0.2648931337964516
v -0.25625 1.6601342508912713 0.22591914243386704
v -0.25625 1.5033714512958585 -0.2529667256631238
v -0.25625 1.5987827163624815 0.2378455505671949
vt 0.40625 0.9375
vt 0.4296875 0.9375
vt 0.4296875 0.9296875
vt 0.40625 0.9296875
vt 0.34375 0.9375
vt 0.40625 0.9375
vt 0.40625 0.9296875
vt 0.34375 0.9296875
vt 0.4921875 0.9375
vt 0.515625 0.9375
vt 0.515625 0.9296875
vt 0.4921875 0.9296875
vt 0.4296875 0.9375
vt 0.4921875 0.9375
vt 0.4921875 0.9296875
vt 0.4296875 0.9296875
vt 0.4296875 0.9375
vt 0.40625 0.9375
vt 0.40625 1
vt 0.4296875 1
vt 0.453125 1
vt 0.4296875 1
vt 0.4296875 0.9375
vt 0.453125 0.9375
vn 0 -0.19082253013324568 -0.9816245524606373
vn 1 0 0
vn 0 0.19082253013324568 0.9816245524606373
vn -1 0 0
vn 0 0.9816245524606373 -0.19082253013324568
vn 0 -0.9816245524606373 0.19082253013324568
usemtl m_aad9b663-e4ab-48be-4205-673054ad3f92
f 796/2380/595 799/2379/595 797/2378/595 794/2377/595
f 795/2384/596 796/2383/596 794/2382/596 793/2381/596
f 800/2388/597 795/2387/597 793/2386/597 798/2385/597
f 799/2392/598 800/2391/598 798/2390/598 797/2389/598
f 798/2396/599 793/2395/599 794/2394/599 797/2393/599
f 799/2400/600 796/2399/600 795/2398/600 800/2397/600