# Blender 4.1.1
# www.blender.org
mtllib marine3.mtl
o head
v 0.250000 1.500000 -0.250000
v -0.250000 1.500000 -0.250000
v -0.250000 2.000000 -0.250000
v 0.250000 2.000000 -0.250000
v 0.250000 1.500000 0.250000
v 0.250000 2.000000 0.250000
v -0.250000 1.500000 0.250000
v -0.250000 2.000000 0.250000
vn -0.0000 -0.0000 -1.0000
vn 1.0000 -0.0000 -0.0000
vn -0.0000 -0.0000 1.0000
vn -1.0000 -0.0000 -0.0000
vn -0.0000 1.0000 -0.0000
vn -0.0000 -1.0000 -0.0000
vt 0.125000 0.875000
vt 0.062500 0.937500
vt 0.062500 0.875000
vt 0.000000 0.937500
vt 0.000000 0.875000
vt 0.250000 0.875000
vt 0.187500 0.937500
vt 0.187500 0.875000
vt 0.125000 0.937500
vt 0.062500 1.000000
vt 0.125000 1.000000
vt 0.187500 1.000000
vt 0.250000 0.937500
s 1
usemtl m_beaf8888-92db-460c-11b1-bab8514508ce
f 2/1/1 4/2/1 1/3/1
f 1/3/2 6/4/2 5/5/2
f 5/6/3 8/7/3 7/8/3
f 7/8/4 3/9/4 2/1/4
f 6/10/5 3/9/5 8/11/5
f 1/9/6 7/12/6 2/7/6
f 2/1/1 3/9/1 4/2/1
f 1/3/2 4/2/2 6/4/2
f 5/6/3 6/13/3 8/7/3
f 7/8/4 8/7/4 3/9/4
f 6/10/5 4/2/5 3/9/5
f 1/9/6 5/11/6 7/12/6
o jacket
v 0.250000 0.696259 0.082271
v -0.250000 0.696259 0.082271
v -0.250000 1.508636 0.068053
v 0.250000 1.508636 0.068053
v 0.250000 0.697353 0.144762
v 0.250000 1.509727 0.130543
v -0.250000 0.697353 0.144762
v -0.250000 1.509727 0.130543
v -0.028306 0.697247 -0.160640
v -0.276899 0.701595 -0.134513
v -0.263774 1.451481 -0.134513
v -0.015181 1.447132 -0.160640
v -0.021775 0.697132 -0.098482
v -0.008651 1.447018 -0.098482
v -0.270368 0.701485 -0.072355
v -0.257243 1.451366 -0.072355
v 0.278330 0.706657 -0.134717
v -0.033790 0.695763 -0.145621
v -0.059960 1.445305 -0.145621
v 0.252160 1.456203 -0.134717
v 0.276150 0.706585 -0.072255
v 0.249980 1.456127 -0.072255
v -0.035969 0.695686 -0.083159
v -0.062139 1.445229 -0.083159
v -0.077853 1.444382 -0.155328
v -0.264326 1.444382 -0.135733
v -0.262969 1.505516 -0.122812
v -0.076495 1.505516 -0.142407
v -0.071464 1.431389 -0.094528
v -0.070106 1.492523 -0.081607
v -0.257937 1.431389 -0.074933
v -0.256580 1.492523 -0.062012
v -0.214811 0.694153 -0.126995
v -0.277216 0.695248 -0.123721
v -0.262998 1.507622 -0.123722
v -0.200593 1.506531 -0.126995
v -0.201719 0.693924 0.122662
v -0.187501 1.506302 0.122662
v -0.264124 0.695015 0.125935
v -0.249906 1.507393 0.125935
v 0.277904 0.699902 -0.122273
v 0.215499 0.698811 -0.125546
v 0.201281 1.511185 -0.125547
v 0.263686 1.512280 -0.122273
v 0.264812 0.699673 0.127384
v 0.250594 1.512051 0.127384
v 0.202407 0.698582 0.124110
v 0.188189 1.510956 0.124110
v 0.251675 1.452309 -0.135748
v 0.064403 1.445766 -0.142290
v 0.062007 1.507881 -0.135762
v 0.249278 1.514420 -0.129220
v 0.249735 1.445702 -0.073628
v 0.247339 1.507816 -0.067100
v 0.062464 1.439163 -0.080170
v 0.060067 1.501278 -0.073643
vn -0.0000 -0.0175 -0.9998
vn 1.0000 -0.0000 -0.0000
vn -0.0000 0.0175 0.9998
vn -1.0000 -0.0000 -0.0000
vn -0.0000 0.9998 -0.0175
vn -0.0000 -0.9998 0.0175
vn -0.1045 0.0018 -0.9945
vn 0.9944 -0.0174 -0.1045
vn 0.1045 -0.0018 0.9945
vn -0.9944 0.0174 0.1045
vn 0.0175 0.9998 -0.0000
vn -0.0175 -0.9998 -0.0000
vn -0.0175 -0.9998 0.0001
vn 0.0349 0.0012 -0.9994
vn 0.9988 0.0349 0.0349
vn -0.0349 -0.0012 0.9994
vn -0.9988 -0.0349 -0.0349
vn -0.0349 0.9994 -0.0000
vn 0.0349 -0.9994 -0.0000
vn 0.0349 -0.9994 0.0001
vn -0.1022 0.2079 -0.9728
vn 0.9945 -0.0000 -0.1045
vn 0.1022 -0.2079 0.9728
vn -0.9945 -0.0000 0.1045
vn 0.0217 0.9782 0.2067
vn -0.0217 -0.9782 -0.2067
vn -0.0524 0.0009 -0.9986
vn 0.9985 -0.0175 -0.0524
vn 0.0524 -0.0009 0.9986
vn -0.9985 0.0175 0.0524
vn 0.0524 0.0009 -0.9986
vn 0.9985 0.0175 0.0524
vn -0.0524 -0.0009 0.9986
vn -0.9985 -0.0175 -0.0524
vn -0.0176 0.9998 -0.0000
vn -0.0175 0.9998 -0.0000
vn 0.0175 -0.9998 -0.0000
vn 0.0174 -0.9998 -0.0000
vn 0.0310 0.1057 -0.9939
vn -0.0310 -0.1056 0.9939
vn -0.0310 -0.1057 0.9939
vn -0.0383 0.9938 0.1044
vn 0.0383 -0.9938 -0.1045
vn 0.0384 -0.9938 -0.1045
vn 0.0383 -0.9938 -0.1044
vn -0.0384 0.9938 0.1044
vt 0.070312 0.640625
vt 0.007812 0.742188
vt 0.007812 0.640625
vt 0.000000 0.640625
vt 0.000000 0.742188
vt 0.140625 0.640625
vt 0.078125 0.742188
vt 0.078125 0.640625
vt 0.070312 0.742188
vt 0.007812 0.750000
vt 0.070312 0.750000
vt 0.132812 0.750000
vt 0.132812 0.742188
vt 0.140625 0.742188
vt 0.007812 0.328125
vt 0.039062 0.421875
vt 0.007812 0.421875
vt 0.000000 0.421875
vt 0.000000 0.328125
vt 0.078125 0.328125
vt 0.046875 0.421875
vt 0.046875 0.328125
vt 0.039062 0.328125
vt 0.039062 0.429688
vt 0.070312 0.421875
vt 0.070312 0.429688
vt 0.078125 0.421875
vt 0.007812 0.429688
vt 0.375000 0.406250
vt 0.335938 0.500000
vt 0.335938 0.406250
vt 0.328125 0.500000
vt 0.328125 0.406250
vt 0.421875 0.406250
vt 0.382812 0.500000
vt 0.382812 0.406250
vt 0.375000 0.500000
vt 0.335938 0.507812
vt 0.375000 0.507812
vt 0.414062 0.500000
vt 0.414062 0.507812
vt 0.421875 0.500000
vt 0.296875 0.453125
vt 0.273438 0.460938
vt 0.273438 0.453125
vt 0.265625 0.460938
vt 0.265625 0.453125
vt 0.328125 0.453125
vt 0.304688 0.460938
vt 0.304688 0.453125
vt 0.296875 0.460938
vt 0.296875 0.468750
vt 0.320312 0.468750
vt 0.320312 0.460938
vt 0.328125 0.460938
vt 0.273438 0.468750
vt 0.492188 0.406250
vt 0.484375 0.507812
vt 0.484375 0.406250
vt 0.453125 0.507812
vt 0.453125 0.406250
vt 0.531250 0.406250
vt 0.523438 0.507812
vt 0.523438 0.406250
vt 0.492188 0.507812
vt 0.492188 0.539062
vt 0.500000 0.507812
vt 0.500000 0.539062
vt 0.531250 0.507812
vt 0.484375 0.539062
vt 0.289062 0.468750
vt 0.281250 0.570312
vt 0.281250 0.468750
vt 0.250000 0.570312
vt 0.250000 0.468750
vt 0.328125 0.468750
vt 0.320312 0.570312
vt 0.289062 0.570312
vt 0.281250 0.601562
vt 0.289062 0.601562
vt 0.296875 0.601562
vt 0.296875 0.570312
vt 0.328125 0.570312
vt 0.507812 0.515625
vt 0.507812 0.507812
vt 0.500000 0.515625
vt 0.539062 0.507812
vt 0.562500 0.515625
vt 0.539062 0.515625
vt 0.531250 0.515625
vt 0.531250 0.523438
vt 0.554688 0.515625
vt 0.554688 0.523438
vt 0.562500 0.507812
vt 0.507812 0.523438
s 1
usemtl m_beaf8888-92db-460c-11b1-bab8514508ce
f 10/14/7 12/15/7 9/16/7
f 13/17/8 12/15/8 14/18/8
f 13/19/9 16/20/9 15/21/9
f 15/21/10 11/22/10 10/14/10
f 14/23/11 11/22/11 16/24/11
f 9/22/12 15/25/12 10/26/12
f 10/14/7 11/22/7 12/15/7
f 13/17/8 9/16/8 12/15/8
f 13/19/9 14/27/9 16/20/9
f 15/21/10 16/20/10 11/22/10
f 14/23/11 12/15/11 11/22/11
f 9/22/12 13/24/12 15/25/12
f 17/28/13 19/29/13 20/30/13
f 17/28/14 22/31/14 21/32/14
f 21/33/15 24/34/15 23/35/15
f 23/35/16 19/29/16 18/36/16
f 24/37/17 20/30/17 19/29/17
f 18/38/18 21/37/18 23/39/19
f 17/28/13 18/36/13 19/29/13
f 17/28/14 20/30/14 22/31/14
f 21/33/15 22/40/15 24/34/15
f 23/35/16 24/34/16 19/29/16
f 24/37/17 22/41/17 20/30/17
f 18/38/18 17/29/18 21/37/18
f 26/42/20 28/43/20 25/44/20
f 25/44/21 30/45/21 29/46/21
f 29/47/22 32/48/22 31/49/22
f 26/42/23 32/48/23 27/50/23
f 30/51/24 27/50/24 32/52/24
f 26/53/25 29/52/26 31/54/25
f 26/42/20 27/50/20 28/43/20
f 25/44/21 28/43/21 30/45/21
f 29/47/22 30/55/22 32/48/22
f 26/42/23 31/49/23 32/48/23
f 30/51/24 28/43/24 27/50/24
f 26/53/25 25/50/26 29/52/26
f 34/56/27 36/57/27 33/58/27
f 33/58/28 38/59/28 37/60/28
f 37/61/29 40/62/29 39/63/29
f 34/56/30 40/62/30 35/64/30
f 40/65/31 36/57/31 35/64/31
f 33/64/32 39/66/32 34/67/32
f 34/56/27 35/64/27 36/57/27
f 33/58/28 36/57/28 38/59/28
f 37/61/29 38/68/29 40/62/29
f 34/56/30 39/63/30 40/62/30
f 40/65/31 38/69/31 36/57/31
f 33/64/32 37/65/32 39/66/32
f 42/70/33 44/71/33 41/72/33
f 41/72/34 46/73/34 45/74/34
f 45/75/35 48/76/35 47/77/35
f 47/77/36 43/78/36 42/70/36
f 48/79/17 44/71/17 43/78/17
f 42/80/18 45/79/18 47/81/18
f 42/70/33 43/78/33 44/71/33
f 41/72/34 44/71/34 46/73/34
f 45/75/35 46/82/35 48/76/35
f 47/77/36 48/76/36 43/78/36
f 48/79/17 46/83/17 44/71/17
f 42/80/18 41/78/18 45/79/18
f 50/84/37 52/85/37 49/86/37
f 49/86/38 54/87/38 53/88/38
f 53/89/39 56/90/39 55/66/39
f 55/66/40 51/91/40 50/84/40
f 54/92/41 51/91/42 56/93/41
f 49/91/43 55/94/44 50/95/43
f 50/84/37 51/91/37 52/85/37
f 49/86/38 52/85/38 54/87/38
f 53/89/39 54/96/39 56/90/39
f 55/66/40 56/90/40 51/91/40
f 54/92/41 52/85/42 51/91/42
f 49/91/43 53/93/44 55/94/44
f 58/82/45 60/97/45 57/98/45
f 57/98/21 62/99/21 61/80/21
f 63/100/46 62/101/47 64/102/46
f 63/100/23 59/103/23 58/82/23
f 64/104/48 60/97/48 59/103/48
f 58/105/49 61/104/50 63/106/51
f 58/82/45 59/103/45 60/97/45
f 57/98/21 60/97/21 62/99/21
f 63/100/46 61/107/47 62/101/47
f 63/100/23 64/102/23 59/103/23
f 64/104/48 62/108/52 60/97/48
f 58/105/49 57/103/50 61/104/50
o leftleg_usMC
v -0.004732 0.005219 -0.166881
v -0.253363 0.005219 -0.140754
v -0.252567 0.067254 -0.133177
v -0.003936 0.067254 -0.159305
v 0.001751 -0.002399 -0.105187
v 0.002547 0.059635 -0.097610
v -0.246880 -0.002399 -0.079060
v -0.246084 0.059635 -0.071483
v -0.198211 0.378188 -0.126913
v -0.260588 0.376010 -0.123639
v -0.273672 0.750782 -0.123639
v -0.211296 0.752959 -0.126913
v -0.185125 0.378645 0.122744
v -0.198210 0.753416 0.122744
v -0.247502 0.376467 0.126018
v -0.260586 0.751239 0.126018
v -0.206907 0.183763 -0.126091
v -0.269331 0.185943 -0.123910
v -0.258427 0.498252 -0.123910
v -0.196003 0.496073 -0.126091
v -0.198190 0.183459 0.123757
v -0.187286 0.495769 0.123757
v -0.260614 0.185637 0.125937
v -0.249709 0.497948 0.125937
v 0.025727 0.188167 -0.126875
v -0.036735 0.185986 -0.126875
v -0.056362 0.748144 -0.126875
v 0.006100 0.750325 -0.126875
v 0.025727 0.188167 0.123125
v 0.006100 0.750325 0.123125
v -0.036735 0.185986 0.123125
v -0.056362 0.748144 0.123125
v -0.002906 0.187562 -0.136163
v -0.252906 0.187562 -0.136163
v -0.252906 0.750063 -0.136163
v -0.002906 0.750063 -0.136163
v -0.002906 0.187562 0.051337
v -0.002906 0.750063 0.051337
v -0.252906 0.187562 0.051337
v -0.252906 0.750063 0.051337
v 0.003344 0.187506 0.013837
v -0.246656 0.187506 0.013837
v -0.246656 0.750006 0.013837
v 0.003344 0.750006 0.013837
v 0.003344 0.187506 0.138837
v 0.003344 0.750006 0.138837
v -0.246656 0.187506 0.138837
v -0.246656 0.750006 0.138837
v 0.000000 0.000000 0.006250
v -0.250000 0.000000 0.006250
v -0.250000 0.187500 0.006250
v 0.000000 0.187500 0.006250
v 0.000000 0.000000 0.131250
v 0.000000 0.187500 0.131250
v -0.250000 0.000000 0.131250
v -0.250000 0.187500 0.131250
v 0.000000 0.000000 -0.131250
v -0.250000 0.000000 -0.131250
v -0.250000 0.187500 -0.131250
v 0.000000 0.187500 -0.131250
v 0.000000 0.000000 -0.006250
v 0.000000 0.187500 -0.006250
v -0.250000 0.000000 -0.006250
v -0.250000 0.187500 -0.006250
v 0.000000 -0.000626 -0.125000
v -0.250000 -0.000626 -0.125000
v -0.250000 0.061874 -0.125000
v 0.000000 0.061874 -0.125000
v 0.000000 -0.000626 0.125000
v 0.000000 0.061874 0.125000
v -0.250000 -0.000626 0.125000
v -0.250000 0.061874 0.125000
v -0.193750 0.000000 -0.125000
v -0.256250 0.000000 -0.125000
v -0.256250 0.187500 -0.125000
v -0.193750 0.187500 -0.125000
v -0.193750 0.000000 0.125000
v -0.193750 0.187500 0.125000
v -0.256250 0.000000 0.125000
v -0.256250 0.187500 0.125000
v 0.006250 0.000000 -0.125000
v -0.056250 0.000000 -0.125000
v -0.056250 0.187500 -0.125000
v 0.006250 0.187500 -0.125000
v 0.006250 0.000000 0.125000
v 0.006250 0.187500 0.125000
v -0.056250 0.000000 0.125000
v -0.056250 0.187500 0.125000
vn -0.1037 0.1219 -0.9871
vn 0.9945 -0.0000 -0.1045
vn 0.1037 -0.1219 0.9871
vn -0.9945 -0.0000 0.1045
vn 0.0127 0.9925 0.1212
vn -0.0127 -0.9925 -0.1212
vn -0.0524 -0.0018 -0.9986
vn 0.9980 0.0348 -0.0524
vn 0.0524 0.0018 0.9986
vn -0.9980 -0.0348 0.0524
vn -0.0349 0.9994 -0.0000
vn 0.0349 -0.9994 -0.0000
vn -0.0349 0.0012 -0.9994
vn 0.9988 -0.0349 -0.0349
vn 0.0349 -0.0012 0.9994
vn -0.9988 0.0349 0.0349
vn 0.0349 0.9994 -0.0000
vn -0.0349 -0.9994 -0.0000
vn -0.0000 -0.0000 -1.0000
vn 0.9994 0.0349 -0.0000
vn -0.0000 -0.0000 1.0000
vn -0.9994 -0.0349 -0.0000
vn 1.0000 -0.0000 -0.0000
vn -1.0000 -0.0000 -0.0000
vn -0.0000 1.0000 -0.0000
vn -0.0000 -1.0000 -0.0000
vt 0.750000 0.664062
vt 0.718750 0.671875
vt 0.718750 0.664062
vt 0.710938 0.664062
vt 0.710938 0.671875
vt 0.789062 0.664062
vt 0.757812 0.671875
vt 0.757812 0.664062
vt 0.750000 0.671875
vt 0.718750 0.679688
vt 0.750000 0.679688
vt 0.781250 0.679688
vt 0.781250 0.671875
vt 0.789062 0.671875
vt 0.500000 0.328125
vt 0.507812 0.375000
vt 0.500000 0.375000
vt 0.468750 0.375000
vt 0.468750 0.328125
vt 0.539062 0.328125
vt 0.546875 0.375000
vt 0.539062 0.375000
vt 0.507812 0.328125
vt 0.500000 0.406250
vt 0.507812 0.406250
vt 0.515625 0.375000
vt 0.515625 0.406250
vt 0.546875 0.328125
vt 0.671875 0.929688
vt 0.664062 0.968750
vt 0.664062 0.929688
vt 0.632812 0.968750
vt 0.632812 0.929688
vt 0.710938 0.929688
vt 0.703125 0.968750
vt 0.703125 0.929688
vt 0.671875 0.968750
vt 0.664062 1.000000
vt 0.671875 1.000000
vt 0.679688 1.000000
vt 0.679688 0.968750
vt 0.710938 0.968750
vt 0.429688 0.335938
vt 0.421875 0.406250
vt 0.421875 0.335938
vt 0.390625 0.406250
vt 0.390625 0.335938
vt 0.468750 0.335938
vt 0.460938 0.406250
vt 0.460938 0.335938
vt 0.429688 0.406250
vt 0.421875 0.437500
vt 0.429688 0.437500
vt 0.437500 0.437500
vt 0.437500 0.406250
vt 0.468750 0.406250
vt 0.539062 0.734375
vt 0.507812 0.804688
vt 0.507812 0.734375
vt 0.484375 0.804688
vt 0.484375 0.734375
vt 0.593750 0.734375
vt 0.562500 0.804688
vt 0.562500 0.734375
vt 0.539062 0.804688
vt 0.507812 0.828125
vt 0.539062 0.828125
vt 0.570312 0.828125
vt 0.570312 0.804688
vt 0.593750 0.804688
vt 0.578125 0.382812
vt 0.546875 0.453125
vt 0.546875 0.382812
vt 0.531250 0.453125
vt 0.531250 0.382812
vt 0.625000 0.382812
vt 0.593750 0.453125
vt 0.593750 0.382812
vt 0.578125 0.453125
vt 0.546875 0.468750
vt 0.578125 0.468750
vt 0.609375 0.468750
vt 0.609375 0.453125
vt 0.625000 0.453125
vt 0.539062 0.226562
vt 0.507812 0.250000
vt 0.507812 0.226562
vt 0.492188 0.250000
vt 0.492188 0.226562
vt 0.585938 0.226562
vt 0.554688 0.250000
vt 0.554688 0.226562
vt 0.539062 0.250000
vt 0.507812 0.265625
vt 0.539062 0.265625
vt 0.570312 0.265625
vt 0.570312 0.250000
vt 0.585938 0.250000
vt 0.632812 0.226562
vt 0.601562 0.250000
vt 0.601562 0.226562
vt 0.679688 0.226562
vt 0.648438 0.250000
vt 0.648438 0.226562
vt 0.632812 0.250000
vt 0.601562 0.265625
vt 0.632812 0.265625
vt 0.664062 0.265625
vt 0.664062 0.250000
vt 0.679688 0.250000
vt 0.554688 0.171875
vt 0.523438 0.179688
vt 0.523438 0.171875
vt 0.492188 0.179688
vt 0.492188 0.171875
vt 0.617188 0.171875
vt 0.585938 0.179688
vt 0.585938 0.171875
vt 0.554688 0.179688
vt 0.523438 0.210938
vt 0.554688 0.210938
vt 0.585938 0.210938
vt 0.617188 0.179688
vt 0.726562 0.210938
vt 0.718750 0.234375
vt 0.718750 0.210938
vt 0.687500 0.234375
vt 0.687500 0.210938
vt 0.765625 0.210938
vt 0.757812 0.234375
vt 0.757812 0.210938
vt 0.726562 0.234375
vt 0.718750 0.265625
vt 0.726562 0.265625
vt 0.734375 0.265625
vt 0.734375 0.234375
vt 0.765625 0.234375
vt 0.812500 0.210938
vt 0.804688 0.234375
vt 0.804688 0.210938
vt 0.773438 0.234375
vt 0.773438 0.210938
vt 0.851562 0.210938
vt 0.843750 0.234375
vt 0.843750 0.210938
vt 0.812500 0.234375
vt 0.804688 0.265625
vt 0.812500 0.265625
vt 0.820312 0.265625
vt 0.820312 0.234375
vt 0.851562 0.234375
s 1
usemtl m_beaf8888-92db-460c-11b1-bab8514508ce
f 66/109/53 68/110/53 65/111/53
f 69/112/54 68/110/54 70/113/54
f 69/114/55 72/115/55 71/116/55
f 66/109/56 72/115/56 67/117/56
f 70/118/57 67/117/57 72/119/57
f 65/117/58 71/120/58 66/121/58
f 66/109/53 67/117/53 68/110/53
f 69/112/54 65/111/54 68/110/54
f 69/114/55 70/122/55 72/115/55
f 66/109/56 71/116/56 72/115/56
f 70/118/57 68/110/57 67/117/57
f 65/117/58 69/119/58 71/120/58
f 73/123/59 75/124/59 76/125/59
f 73/123/60 78/126/60 77/127/60
f 79/128/61 78/129/61 80/130/61
f 79/128/62 75/124/62 74/131/62
f 78/132/63 75/124/63 80/133/63
f 74/134/64 77/133/64 79/135/64
f 73/123/59 74/131/59 75/124/59
f 73/123/60 76/125/60 78/126/60
f 79/128/61 77/136/61 78/129/61
f 79/128/62 80/130/62 75/124/62
f 78/132/63 76/125/63 75/124/63
f 74/134/64 73/124/64 77/133/64
f 82/137/65 84/138/65 81/139/65
f 81/139/66 86/140/66 85/141/66
f 85/142/67 88/143/67 87/144/67
f 82/137/68 88/143/68 83/145/68
f 86/146/69 83/145/69 88/147/69
f 81/145/70 87/148/70 82/149/70
f 82/137/65 83/145/65 84/138/65
f 81/139/66 84/138/66 86/140/66
f 85/142/67 86/150/67 88/143/67
f 82/137/68 87/144/68 88/143/68
f 86/146/69 84/138/69 83/145/69
f 81/145/70 85/147/70 87/148/70
f 90/151/71 92/152/71 89/153/71
f 89/153/72 94/154/72 93/155/72
f 93/156/73 96/157/73 95/158/73
f 95/158/74 91/159/74 90/151/74
f 94/160/63 91/159/63 96/161/63
f 89/159/64 95/162/64 90/163/64
f 90/151/71 91/159/71 92/152/71
f 89/153/72 92/152/72 94/154/72
f 93/156/73 94/164/73 96/157/73
f 95/158/74 96/157/74 91/159/74
f 94/160/63 92/152/63 91/159/63
f 89/159/64 93/161/64 95/162/64
f 98/165/71 100/166/71 97/167/71
f 97/167/75 102/168/75 101/169/75
f 101/170/73 104/171/73 103/172/73
f 98/165/76 104/171/76 99/173/76
f 102/174/77 99/173/77 104/175/77
f 97/173/78 103/176/78 98/177/78
f 98/165/71 99/173/71 100/166/71
f 97/167/75 100/166/75 102/168/75
f 101/170/73 102/178/73 104/171/73
f 98/165/76 103/172/76 104/171/76
f 102/174/77 100/166/77 99/173/77
f 97/173/78 101/175/78 103/176/78
f 106/179/71 108/180/71 105/181/71
f 105/181/75 110/182/75 109/183/75
f 109/184/73 112/185/73 111/186/73
f 111/186/76 107/187/76 106/179/76
f 110/188/77 107/187/77 112/189/77
f 105/187/78 111/190/78 106/191/78
f 106/179/71 107/187/71 108/180/71
f 105/181/75 108/180/75 110/182/75
f 109/184/73 110/192/73 112/185/73
f 111/186/76 112/185/76 107/187/76
f 110/188/77 108/180/77 107/187/77
f 105/187/78 109/189/78 111/190/78
f 114/193/71 116/194/71 113/195/71
f 113/195/75 118/196/75 117/197/75
f 117/198/73 120/199/73 119/200/73
f 119/200/76 115/201/76 114/193/76
f 118/202/77 115/201/77 120/203/77
f 113/201/78 119/204/78 114/205/78
f 114/193/71 115/201/71 116/194/71
f 113/195/75 116/194/75 118/196/75
f 117/198/73 118/206/73 120/199/73
f 119/200/76 120/199/76 115/201/76
f 118/202/77 116/194/77 115/201/77
f 113/201/78 117/203/78 119/204/78
f 122/207/71 124/208/71 121/209/71
f 121/209/75 126/206/75 125/198/75
f 125/210/73 128/211/73 127/212/73
f 127/212/76 123/213/76 122/207/76
f 126/214/77 123/213/77 128/215/77
f 121/213/78 127/216/78 122/217/78
f 122/207/71 123/213/71 124/208/71
f 121/209/75 124/208/75 126/206/75
f 125/210/73 126/218/73 128/211/73
f 127/212/76 128/211/76 123/213/76
f 126/214/77 124/208/77 123/213/77
f 121/213/78 125/215/78 127/216/78
f 130/219/71 132/220/71 129/221/71
f 129/221/75 134/222/75 133/223/75
f 133/224/73 136/225/73 135/226/73
f 135/226/76 131/227/76 130/219/76
f 134/228/77 131/227/77 136/229/77
f 129/227/78 135/230/78 130/225/78
f 130/219/71 131/227/71 132/220/71
f 129/221/75 132/220/75 134/222/75
f 133/224/73 134/231/73 136/225/73
f 135/226/76 136/225/76 131/227/76
f 134/228/77 132/220/77 131/227/77
f 129/227/78 133/229/78 135/230/78
f 138/232/71 140/233/71 137/234/71
f 137/234/75 142/235/75 141/236/75
f 141/237/73 144/238/73 143/239/73
f 143/239/76 139/240/76 138/232/76
f 142/241/77 139/240/77 144/242/77
f 137/240/78 143/243/78 138/244/78
f 138/232/71 139/240/71 140/233/71
f 137/234/75 140/233/75 142/235/75
f 141/237/73 142/245/73 144/238/73
f 143/239/76 144/238/76 139/240/76
f 142/241/77 140/233/77 139/240/77
f 137/240/78 141/242/78 143/243/78
f 146/246/71 148/247/71 145/248/71
f 145/248/75 150/249/75 149/250/75
f 149/251/73 152/252/73 151/253/73
f 151/253/76 147/254/76 146/246/76
f 150/255/77 147/254/77 152/256/77
f 145/254/78 151/257/78 146/258/78
f 146/246/71 147/254/71 148/247/71
f 145/248/75 148/247/75 150/249/75
f 149/251/73 150/259/73 152/252/73
f 151/253/76 152/252/76 147/254/76
f 150/255/77 148/247/77 147/254/77
f 145/254/78 149/256/78 151/257/78
o rightleg_usMC
v 0.253160 0.005217 -0.143125
v 0.004529 0.005217 -0.169252
v 0.003732 0.067251 -0.161675
v 0.252363 0.067251 -0.135548
v 0.246677 -0.002401 -0.081431
v 0.245880 0.059631 -0.073854
v -0.001954 -0.002401 -0.107558
v -0.002751 0.059631 -0.099981
v 0.250000 0.187562 -0.133750
v 0.000000 0.187562 -0.133750
v 0.000000 0.750063 -0.133750
v 0.250000 0.750063 -0.133750
v 0.250000 0.187563 0.116250
v 0.250000 0.750063 0.116250
v 0.000000 0.187563 0.116250
v 0.000000 0.750063 0.116250
v 0.250000 0.187531 0.075000
v 0.000000 0.187531 0.075000
v 0.000000 0.750031 0.075000
v 0.250000 0.750031 0.075000
v 0.250000 0.187531 0.137500
v 0.250000 0.750031 0.137500
v 0.000000 0.187531 0.137500
v 0.000000 0.750031 0.137500
v 0.250000 0.000000 -0.131250
v 0.000000 0.000000 -0.131250
v 0.000000 0.187500 -0.131250
v 0.250000 0.187500 -0.131250
v 0.250000 0.000000 -0.006250
v 0.250000 0.187500 -0.006250
v 0.000000 0.000000 -0.006250
v 0.000000 0.187500 -0.006250
v 0.256250 0.000000 -0.125000
v 0.193750 0.000000 -0.125000
v 0.193750 0.187500 -0.125000
v 0.256250 0.187500 -0.125000
v 0.256250 0.000000 0.125000
v 0.256250 0.187500 0.125000
v 0.193750 0.000000 0.125000
v 0.193750 0.187500 0.125000
v 0.250000 0.000000 0.006250
v 0.000000 0.000000 0.006250
v 0.000000 0.187500 0.006250
v 0.250000 0.187500 0.006250
v 0.250000 0.000000 0.131250
v 0.250000 0.187500 0.131250
v 0.000000 0.000000 0.131250
v 0.000000 0.187500 0.131250
v 0.056250 0.000000 -0.125000
v -0.006250 0.000000 -0.125000
v -0.006250 0.187500 -0.125000
v 0.056250 0.187500 -0.125000
v 0.056250 0.000000 0.125000
v 0.056250 0.187500 0.125000
v -0.006250 0.000000 0.125000
v -0.006250 0.187500 0.125000
v 0.250000 -0.000626 -0.125000
v 0.000000 -0.000626 -0.125000
v 0.000000 0.061874 -0.125000
v 0.250000 0.061874 -0.125000
v 0.250000 -0.000626 0.125000
v 0.250000 0.061874 0.125000
v 0.000000 -0.000626 0.125000
v 0.000000 0.061874 0.125000
v 0.272440 0.438551 -0.125000
v 0.210026 0.435278 -0.125000
v 0.193658 0.747349 -0.125000
v 0.256072 0.750622 -0.125000
v 0.272440 0.438551 0.125000
v 0.256072 0.750622 0.125000
v 0.210026 0.435278 0.125000
v 0.193658 0.747349 0.125000
v 0.264260 0.186852 -0.125000
v 0.201770 0.187945 -0.125000
v 0.206145 0.437906 -0.125000
v 0.268635 0.436813 -0.125000
v 0.264260 0.186852 0.125000
v 0.268635 0.436813 0.125000
v 0.201770 0.187945 0.125000
v 0.206145 0.437906 0.125000
v 0.046363 0.185665 -0.125000
v -0.016128 0.186758 -0.125000
v -0.006285 0.749171 -0.125000
v 0.056206 0.748078 -0.125000
v 0.046363 0.185665 0.125000
v 0.056206 0.748078 0.125000
v -0.016128 0.186758 0.125000
v -0.006285 0.749171 0.125000
vn 0.1037 0.1219 -0.9871
vn 0.9945 -0.0000 0.1045
vn -0.1037 -0.1219 0.9871
vn -0.9945 -0.0000 -0.1045
vn -0.0127 0.9925 0.1213
vn 0.0127 -0.9925 -0.1212
vn -0.0000 -0.0000 -1.0000
vn 1.0000 -0.0000 -0.0000
vn -0.0000 -0.0000 1.0000
vn -1.0000 -0.0000 -0.0000
vn -0.0000 1.0000 -0.0000
vn -0.0000 -1.0000 -0.0000
vn 0.9986 0.0524 -0.0000
vn -0.9986 -0.0524 -0.0000
vn -0.0524 0.9986 -0.0000
vn 0.0524 -0.9986 -0.0000
vn 0.9998 -0.0175 -0.0000
vn -0.9998 0.0175 -0.0000
vn 0.0175 0.9998 -0.0000
vn -0.0175 -0.9998 -0.0000
vt 0.750000 0.882812
vt 0.718750 0.890625
vt 0.718750 0.882812
vt 0.710938 0.890625
vt 0.710938 0.882812
vt 0.789062 0.882812
vt 0.757812 0.890625
vt 0.757812 0.882812
vt 0.750000 0.890625
vt 0.718750 0.898438
vt 0.750000 0.898438
vt 0.781250 0.898438
vt 0.781250 0.890625
vt 0.789062 0.890625
vt 0.187500 0.500000
vt 0.156250 0.570312
vt 0.156250 0.500000
vt 0.125000 0.570312
vt 0.125000 0.500000
vt 0.250000 0.500000
vt 0.218750 0.570312
vt 0.218750 0.500000
vt 0.187500 0.570312
vt 0.156250 0.601562
vt 0.187500 0.601562
vt 0.218750 0.601562
vt 0.250000 0.570312
vt 0.632812 0.757812
vt 0.601562 0.828125
vt 0.601562 0.757812
vt 0.593750 0.828125
vt 0.593750 0.757812
vt 0.671875 0.757812
vt 0.640625 0.828125
vt 0.640625 0.757812
vt 0.632812 0.828125
vt 0.601562 0.835938
vt 0.632812 0.835938
vt 0.664062 0.835938
vt 0.664062 0.828125
vt 0.671875 0.828125
vt 0.632812 0.226562
vt 0.601562 0.250000
vt 0.601562 0.226562
vt 0.585938 0.250000
vt 0.585938 0.226562
vt 0.679688 0.226562
vt 0.648438 0.250000
vt 0.648438 0.226562
vt 0.632812 0.250000
vt 0.601562 0.265625
vt 0.632812 0.265625
vt 0.664062 0.265625
vt 0.664062 0.250000
vt 0.679688 0.250000
vt 0.812500 0.210938
vt 0.804688 0.234375
vt 0.804688 0.210938
vt 0.773438 0.234375
vt 0.773438 0.210938
vt 0.851562 0.210938
vt 0.843750 0.234375
vt 0.843750 0.210938
vt 0.812500 0.234375
vt 0.804688 0.265625
vt 0.812500 0.265625
vt 0.820312 0.265625
vt 0.820312 0.234375
vt 0.851562 0.234375
vt 0.539062 0.226562
vt 0.507812 0.250000
vt 0.507812 0.226562
vt 0.492188 0.250000
vt 0.492188 0.226562
vt 0.554688 0.250000
vt 0.554688 0.226562
vt 0.539062 0.250000
vt 0.507812 0.265625
vt 0.539062 0.265625
vt 0.570312 0.265625
vt 0.570312 0.250000
vt 0.726562 0.210938
vt 0.718750 0.234375
vt 0.718750 0.210938
vt 0.687500 0.234375
vt 0.687500 0.210938
vt 0.765625 0.210938
vt 0.757812 0.234375
vt 0.757812 0.210938
vt 0.726562 0.234375
vt 0.718750 0.265625
vt 0.726562 0.265625
vt 0.734375 0.265625
vt 0.734375 0.234375
vt 0.765625 0.234375
vt 0.554688 0.171875
vt 0.523438 0.179688
vt 0.523438 0.171875
vt 0.492188 0.179688
vt 0.492188 0.171875
vt 0.617188 0.171875
vt 0.585938 0.179688
vt 0.585938 0.171875
vt 0.554688 0.179688
vt 0.523438 0.210938
vt 0.554688 0.210938
vt 0.585938 0.210938
vt 0.617188 0.179688
vt 0.664062 0.296875
vt 0.656250 0.335938
vt 0.656250 0.296875
vt 0.625000 0.335938
vt 0.625000 0.296875
vt 0.703125 0.296875
vt 0.695312 0.335938
vt 0.695312 0.296875
vt 0.664062 0.335938
vt 0.656250 0.367188
vt 0.664062 0.367188
vt 0.671875 0.367188
vt 0.671875 0.335938
vt 0.703125 0.335938
vt 0.382812 0.296875
vt 0.375000 0.328125
vt 0.375000 0.296875
vt 0.343750 0.328125
vt 0.343750 0.296875
vt 0.414062 0.296875
vt 0.421875 0.328125
vt 0.414062 0.328125
vt 0.382812 0.328125
vt 0.375000 0.359375
vt 0.382812 0.359375
vt 0.390625 0.359375
vt 0.390625 0.328125
vt 0.421875 0.296875
vt 0.257812 0.367188
vt 0.250000 0.437500
vt 0.250000 0.367188
vt 0.218750 0.437500
vt 0.218750 0.367188
vt 0.296875 0.367188
vt 0.289062 0.437500
vt 0.289062 0.367188
vt 0.257812 0.437500
vt 0.250000 0.468750
vt 0.257812 0.468750
vt 0.265625 0.468750
vt 0.265625 0.437500
vt 0.296875 0.437500
s 1
usemtl m_beaf8888-92db-460c-11b1-bab8514508ce
f 154/260/79 156/261/79 153/262/79
f 153/262/80 158/263/80 157/264/80
f 157/265/81 160/266/81 159/267/81
f 159/267/82 155/268/82 154/260/82
f 158/269/83 155/268/83 160/270/83
f 153/268/84 159/271/84 154/272/84
f 154/260/79 155/268/79 156/261/79
f 153/262/80 156/261/80 158/263/80
f 157/265/81 158/273/81 160/266/81
f 159/267/82 160/266/82 155/268/82
f 158/269/83 156/261/83 155/268/83
f 153/268/84 157/270/84 159/271/84
f 162/274/85 164/275/85 161/276/85
f 161/276/86 166/277/86 165/278/86
f 165/279/87 168/280/87 167/281/87
f 162/274/88 168/280/88 163/282/88
f 166/283/89 163/282/89 168/284/89
f 161/282/90 167/285/90 162/280/90
f 162/274/85 163/282/85 164/275/85
f 161/276/86 164/275/86 166/277/86
f 165/279/87 166/286/87 168/280/87
f 162/274/88 167/281/88 168/280/88
f 166/283/89 164/275/89 163/282/89
f 161/282/90 165/284/90 167/285/90
f 170/287/85 172/288/85 169/289/85
f 169/289/86 174/290/86 173/291/86
f 173/292/87 176/293/87 175/294/87
f 175/294/88 171/295/88 170/287/88
f 174/296/89 171/295/89 176/297/89
f 169/295/90 175/298/90 170/299/90
f 170/287/85 171/295/85 172/288/85
f 169/289/86 172/288/86 174/290/86
f 173/292/87 174/300/87 176/293/87
f 175/294/88 176/293/88 171/295/88
f 174/296/89 172/288/89 171/295/89
f 169/295/90 173/297/90 175/298/90
f 178/301/85 180/302/85 177/303/85
f 177/303/86 182/304/86 181/305/86
f 181/306/87 184/307/87 183/308/87
f 183/308/88 179/309/88 178/301/88
f 182/310/89 179/309/89 184/311/89
f 177/309/90 183/312/90 178/313/90
f 178/301/85 179/309/85 180/302/85
f 177/303/86 180/302/86 182/304/86
f 181/306/87 182/314/87 184/307/87
f 183/308/88 184/307/88 179/309/88
f 182/310/89 180/302/89 179/309/89
f 177/309/90 181/311/90 183/312/90
f 186/315/85 188/316/85 185/317/85
f 185/317/86 190/318/86 189/319/86
f 189/320/87 192/321/87 191/322/87
f 191/322/88 187/323/88 186/315/88
f 190/324/89 187/323/89 192/325/89
f 185/323/90 191/326/90 186/327/90
f 186/315/85 187/323/85 188/316/85
f 185/317/86 188/316/86 190/318/86
f 189/320/87 190/328/87 192/321/87
f 191/322/88 192/321/88 187/323/88
f 190/324/89 188/316/89 187/323/89
f 185/323/90 189/325/90 191/326/90
f 194/329/85 196/330/85 193/331/85
f 193/331/86 198/332/86 197/333/86
f 197/305/87 200/334/87 199/335/87
f 199/335/88 195/336/88 194/329/88
f 198/337/89 195/336/89 200/338/89
f 193/336/90 199/339/90 194/340/90
f 194/329/85 195/336/85 196/330/85
f 193/331/86 196/330/86 198/332/86
f 197/305/87 198/304/87 200/334/87
f 199/335/88 200/334/88 195/336/88
f 198/337/89 196/330/89 195/336/89
f 193/336/90 197/338/90 199/339/90
f 202/341/85 204/342/85 201/343/85
f 201/343/86 206/344/86 205/345/86
f 205/346/87 208/347/87 207/348/87
f 207/348/88 203/349/88 202/341/88
f 206/350/89 203/349/89 208/351/89
f 201/349/90 207/352/90 202/353/90
f 202/341/85 203/349/85 204/342/85
f 201/343/86 204/342/86 206/344/86
f 205/346/87 206/354/87 208/347/87
f 207/348/88 208/347/88 203/349/88
f 206/350/89 204/342/89 203/349/89
f 201/349/90 205/351/90 207/352/90
f 210/355/85 212/356/85 209/357/85
f 209/357/86 214/358/86 213/359/86
f 213/360/87 216/361/87 215/362/87
f 215/362/88 211/363/88 210/355/88
f 214/364/89 211/363/89 216/365/89
f 209/363/90 215/366/90 210/361/90
f 210/355/85 211/363/85 212/356/85
f 209/357/86 212/356/86 214/358/86
f 213/360/87 214/367/87 216/361/87
f 215/362/88 216/361/88 211/363/88
f 214/364/89 212/356/89 211/363/89
f 209/363/90 213/365/90 215/366/90
f 218/368/85 220/369/85 217/370/85
f 217/370/91 222/371/91 221/372/91
f 221/373/87 224/374/87 223/375/87
f 223/375/92 219/376/92 218/368/92
f 222/377/93 219/376/93 224/378/93
f 217/376/94 223/379/94 218/380/94
f 218/368/85 219/376/85 220/369/85
f 217/370/91 220/369/91 222/371/91
f 221/373/87 222/381/87 224/374/87
f 223/375/92 224/374/92 219/376/92
f 222/377/93 220/369/93 219/376/93
f 217/376/94 221/378/94 223/379/94
f 226/382/85 228/383/85 225/384/85
f 225/384/95 230/385/95 229/386/95
f 231/387/87 230/388/87 232/389/87
f 231/387/96 227/390/96 226/382/96
f 230/391/97 227/390/97 232/392/97
f 225/390/98 231/393/98 226/394/98
f 226/382/85 227/390/85 228/383/85
f 225/384/95 228/383/95 230/385/95
f 231/387/87 229/395/87 230/388/87
f 231/387/96 232/389/96 227/390/96
f 230/391/97 228/383/97 227/390/97
f 225/390/98 229/392/98 231/393/98
f 234/396/85 236/397/85 233/398/85
f 233/398/95 238/399/95 237/400/95
f 237/401/87 240/402/87 239/403/87
f 239/403/96 235/404/96 234/396/96
f 238/405/97 235/404/97 240/406/97
f 233/404/98 239/407/98 234/408/98
f 234/396/85 235/404/85 236/397/85
f 233/398/95 236/397/95 238/399/95
f 237/401/87 238/409/87 240/402/87
f 239/403/96 240/402/96 235/404/96
f 238/405/97 236/397/97 235/404/97
f 233/404/98 237/406/98 239/407/98
o leftarm_usMC
v -0.248320 1.450485 -0.125625
v -0.498168 1.441763 -0.125625
v -0.500348 1.504225 -0.125625
v -0.250501 1.512947 -0.125625
v -0.248320 1.450485 0.124375
v -0.250501 1.512947 0.124375
v -0.498168 1.441763 0.124375
v -0.500348 1.504225 0.124375
v -0.463502 1.179516 -0.125000
v -0.525916 1.182789 -0.125000
v -0.509549 1.494860 -0.125000
v -0.447135 1.491587 -0.125000
v -0.463502 1.179516 0.125000
v -0.447135 1.491587 0.125000
v -0.525916 1.182789 0.125000
v -0.509549 1.494860 0.125000
v -0.238603 1.056431 -0.125000
v -0.301017 1.059704 -0.125000
v -0.294470 1.184532 -0.125000
v -0.232056 1.181259 -0.125000
v -0.238603 1.056431 0.125000
v -0.232056 1.181259 0.125000
v -0.301017 1.059704 0.125000
v -0.294470 1.184532 0.125000
v -0.233778 1.181568 -0.125000
v -0.296240 1.179386 -0.125000
v -0.307144 1.491695 -0.125000
v -0.244682 1.493876 -0.125000
v -0.233778 1.181568 0.125000
v -0.244682 1.493876 0.125000
v -0.296240 1.179386 0.125000
v -0.307144 1.491695 0.125000
v -0.459165 1.059065 -0.125000
v -0.521627 1.056885 -0.125000
v -0.525989 1.181808 -0.125000
v -0.463527 1.183989 -0.125000
v -0.459165 1.059065 0.125000
v -0.463527 1.183989 0.125000
v -0.521627 1.056885 0.125000
v -0.525989 1.181808 0.125000
v -0.250857 1.182024 -0.150916
v -0.500248 1.182024 -0.133480
v -0.499866 1.494476 -0.128025
v -0.250475 1.494476 -0.145461
v -0.246498 1.180931 -0.088578
v -0.246117 1.493382 -0.083123
v -0.495889 1.180931 -0.071142
v -0.495508 1.493382 -0.065687
v -0.251179 1.056746 -0.143441
v -0.500836 1.056746 -0.130347
v -0.501292 1.181442 -0.139053
v -0.251635 1.181442 -0.152147
v -0.247913 1.061106 -0.081179
v -0.248370 1.185801 -0.089885
v -0.497570 1.061106 -0.068085
v -0.498027 1.185801 -0.076791
v -0.250000 1.059376 0.075000
v -0.500000 1.059376 0.075000
v -0.500000 1.496876 0.075000
v -0.250000 1.496876 0.075000
v -0.250000 1.059376 0.137500
v -0.250000 1.496876 0.137500
v -0.500000 1.059376 0.137500
v -0.500000 1.496876 0.137500
v -0.250000 0.996876 -0.131250
v -0.500000 0.996876 -0.131250
v -0.500000 1.059376 -0.131250
v -0.250000 1.059376 -0.131250
v -0.250000 0.996876 -0.068750
v -0.250000 1.059376 -0.068750
v -0.500000 0.996876 -0.068750
v -0.500000 1.059376 -0.068750
v -0.250000 0.840626 -0.131250
v -0.500000 0.840626 -0.131250
v -0.500000 0.903126 -0.131250
v -0.250000 0.903126 -0.131250
v -0.250000 0.840626 -0.068750
v -0.250000 0.903126 -0.068750
v -0.500000 0.840626 -0.068750
v -0.500000 0.903126 -0.068750
v -0.250000 0.996876 0.068750
v -0.500000 0.996876 0.068750
v -0.500000 1.059376 0.068750
v -0.250000 1.059376 0.068750
v -0.250000 0.996876 0.131250
v -0.250000 1.059376 0.131250
v -0.500000 0.996876 0.131250
v -0.500000 1.059376 0.131250
v -0.250000 0.840626 0.068750
v -0.500000 0.840626 0.068750
v -0.500000 0.903126 0.068750
v -0.250000 0.903126 0.068750
v -0.250000 0.840626 0.131250
v -0.250000 0.903126 0.131250
v -0.500000 0.840626 0.131250
v -0.500000 0.903126 0.131250
v -0.243750 0.996876 -0.125000
v -0.306250 0.996876 -0.125000
v -0.306250 1.059376 -0.125000
v -0.243750 1.059376 -0.125000
v -0.243750 0.996876 0.125000
v -0.243750 1.059376 0.125000
v -0.306250 0.996876 0.125000
v -0.306250 1.059376 0.125000
v -0.243750 0.840626 -0.125000
v -0.306250 0.840626 -0.125000
v -0.306250 0.903126 -0.125000
v -0.243750 0.903126 -0.125000
v -0.243750 0.840626 0.125000
v -0.243750 0.903126 0.125000
v -0.306250 0.840626 0.125000
v -0.306250 0.903126 0.125000
v -0.443750 0.996876 -0.125000
v -0.506250 0.996876 -0.125000
v -0.506250 1.059376 -0.125000
v -0.443750 1.059376 -0.125000
v -0.443750 0.996876 0.125000
v -0.443750 1.059376 0.125000
v -0.506250 0.996876 0.125000
v -0.506250 1.059376 0.125000
v -0.443750 0.840626 -0.125000
v -0.506250 0.840626 -0.125000
v -0.506250 0.903126 -0.125000
v -0.443750 0.903126 -0.125000
v -0.443750 0.840626 0.125000
v -0.443750 0.903126 0.125000
v -0.506250 0.840626 0.125000
v -0.506250 0.903126 0.125000
v -0.439494 0.743235 -0.093750
v -0.501756 0.737785 -0.093750
v -0.507206 0.800047 -0.093750
v -0.444944 0.805496 -0.093750
v -0.439494 0.743235 0.093750
v -0.444944 0.805496 0.093750
v -0.501756 0.737785 0.093750
v -0.507206 0.800047 0.093750
v -0.233244 0.824495 -0.118750
v -0.295506 0.819046 -0.118750
v -0.300955 0.881308 -0.118750
v -0.238693 0.886757 -0.118750
v -0.233244 0.824495 0.068750
v -0.238693 0.886757 0.068750
v -0.295506 0.819046 0.068750
v -0.300955 0.881308 0.068750
vn -0.0000 -0.0000 -1.0000
vn 0.9994 0.0349 -0.0000
vn -0.0000 -0.0000 1.0000
vn -0.9994 -0.0349 -0.0000
vn -0.0349 0.9994 -0.0000
vn 0.0349 -0.9994 -0.0000
vn 0.9986 -0.0524 -0.0000
vn -0.9986 0.0524 -0.0000
vn 0.0524 0.9986 -0.0000
vn -0.0524 -0.9986 -0.0000
vn -0.0697 0.0175 -0.9974
vn 0.9976 -0.0000 -0.0697
vn 0.9976 -0.0000 -0.0698
vn 0.0697 -0.0175 0.9974
vn -0.9976 -0.0000 0.0697
vn -0.9976 -0.0000 0.0698
vn 0.0012 0.9998 0.0175
vn -0.0012 -0.9998 -0.0174
vn -0.0522 -0.0697 -0.9962
vn 0.9986 -0.0000 -0.0524
vn 0.0522 0.0697 0.9962
vn -0.9986 -0.0000 0.0524
vn -0.0037 0.9976 -0.0696
vn 0.0037 -0.9976 0.0697
vn 1.0000 -0.0000 -0.0000
vn -1.0000 -0.0000 -0.0000
vn -0.0000 1.0000 -0.0000
vn -0.0000 -1.0000 -0.0000
vn 0.9962 0.0872 -0.0000
vn -0.9962 -0.0872 -0.0000
vn -0.0872 0.9962 -0.0000
vn 0.0872 -0.9962 -0.0000
vt 0.617188 0.617188
vt 0.585938 0.625000
vt 0.585938 0.617188
vt 0.554688 0.625000
vt 0.554688 0.617188
vt 0.648438 0.617188
vt 0.679688 0.625000
vt 0.648438 0.625000
vt 0.617188 0.625000
vt 0.585938 0.656250
vt 0.617188 0.656250
vt 0.648438 0.656250
vt 0.679688 0.617188
vt 0.585938 0.296875
vt 0.578125 0.335938
vt 0.578125 0.296875
vt 0.546875 0.335938
vt 0.546875 0.296875
vt 0.625000 0.296875
vt 0.617188 0.335938
vt 0.617188 0.296875
vt 0.585938 0.335938
vt 0.578125 0.367188
vt 0.585938 0.367188
vt 0.593750 0.367188
vt 0.593750 0.335938
vt 0.625000 0.335938
vt 0.507812 0.281250
vt 0.500000 0.296875
vt 0.500000 0.281250
vt 0.468750 0.296875
vt 0.468750 0.281250
vt 0.539062 0.281250
vt 0.539062 0.296875
vt 0.507812 0.296875
vt 0.500000 0.328125
vt 0.507812 0.328125
vt 0.515625 0.328125
vt 0.515625 0.296875
vt 0.546875 0.281250
vt 0.257812 0.296875
vt 0.250000 0.335938
vt 0.250000 0.296875
vt 0.218750 0.335938
vt 0.218750 0.296875
vt 0.296875 0.296875
vt 0.289062 0.335938
vt 0.289062 0.296875
vt 0.257812 0.335938
vt 0.250000 0.367188
vt 0.257812 0.367188
vt 0.265625 0.367188
vt 0.265625 0.335938
vt 0.296875 0.335938
vt 0.304688 0.281250
vt 0.296875 0.281250
vt 0.265625 0.296875
vt 0.265625 0.281250
vt 0.335938 0.281250
vt 0.343750 0.296875
vt 0.335938 0.296875
vt 0.304688 0.296875
vt 0.296875 0.328125
vt 0.304688 0.328125
vt 0.312500 0.328125
vt 0.312500 0.296875
vt 0.343750 0.281250
vt 0.710938 0.796875
vt 0.679688 0.835938
vt 0.679688 0.796875
vt 0.671875 0.835938
vt 0.671875 0.796875
vt 0.750000 0.796875
vt 0.718750 0.835938
vt 0.718750 0.796875
vt 0.710938 0.835938
vt 0.679688 0.843750
vt 0.710938 0.843750
vt 0.742188 0.843750
vt 0.742188 0.835938
vt 0.750000 0.835938
vt 0.742188 0.710938
vt 0.710938 0.726562
vt 0.710938 0.710938
vt 0.703125 0.726562
vt 0.703125 0.710938
vt 0.781250 0.710938
vt 0.750000 0.726562
vt 0.750000 0.710938
vt 0.742188 0.726562
vt 0.710938 0.734375
vt 0.742188 0.734375
vt 0.773438 0.734375
vt 0.773438 0.726562
vt 0.781250 0.726562
vt 0.117188 0.281250
vt 0.085938 0.335938
vt 0.085938 0.281250
vt 0.078125 0.335938
vt 0.078125 0.281250
vt 0.156250 0.281250
vt 0.125000 0.335938
vt 0.125000 0.281250
vt 0.117188 0.335938
vt 0.085938 0.343750
vt 0.117188 0.343750
vt 0.148438 0.343750
vt 0.148438 0.335938
vt 0.156250 0.335938
vt 0.750000 0.960938
vt 0.718750 0.968750
vt 0.718750 0.960938
vt 0.710938 0.968750
vt 0.710938 0.960938
vt 0.789062 0.960938
vt 0.757812 0.968750
vt 0.757812 0.960938
vt 0.750000 0.968750
vt 0.718750 0.976562
vt 0.750000 0.976562
vt 0.781250 0.976562
vt 0.781250 0.968750
vt 0.789062 0.968750
vt 0.742188 0.578125
vt 0.710938 0.585938
vt 0.710938 0.578125
vt 0.703125 0.585938
vt 0.703125 0.578125
vt 0.781250 0.578125
vt 0.750000 0.585938
vt 0.750000 0.578125
vt 0.742188 0.585938
vt 0.710938 0.593750
vt 0.742188 0.593750
vt 0.773438 0.593750
vt 0.773438 0.585938
vt 0.781250 0.585938
vt 0.742188 0.273438
vt 0.710938 0.281250
vt 0.710938 0.273438
vt 0.703125 0.281250
vt 0.703125 0.273438
vt 0.781250 0.273438
vt 0.750000 0.281250
vt 0.750000 0.273438
vt 0.742188 0.281250
vt 0.710938 0.289062
vt 0.742188 0.289062
vt 0.773438 0.289062
vt 0.773438 0.281250
vt 0.781250 0.281250
vt 0.742188 0.695312
vt 0.710938 0.703125
vt 0.710938 0.695312
vt 0.703125 0.703125
vt 0.703125 0.695312
vt 0.781250 0.695312
vt 0.750000 0.703125
vt 0.750000 0.695312
vt 0.742188 0.703125
vt 0.773438 0.710938
vt 0.773438 0.703125
vt 0.781250 0.703125
vt 0.734375 0.617188
vt 0.726562 0.625000
vt 0.726562 0.617188
vt 0.695312 0.625000
vt 0.695312 0.617188
vt 0.773438 0.617188
vt 0.765625 0.625000
vt 0.765625 0.617188
vt 0.734375 0.625000
vt 0.726562 0.656250
vt 0.734375 0.656250
vt 0.742188 0.656250
vt 0.742188 0.625000
vt 0.773438 0.625000
vt 0.703125 0.296875
vt 0.703125 0.289062
vt 0.671875 0.296875
vt 0.671875 0.289062
vt 0.750000 0.289062
vt 0.742188 0.296875
vt 0.710938 0.296875
vt 0.703125 0.328125
vt 0.710938 0.328125
vt 0.718750 0.328125
vt 0.718750 0.296875
vt 0.750000 0.296875
vt 0.210938 0.265625
vt 0.203125 0.273438
vt 0.203125 0.265625
vt 0.171875 0.273438
vt 0.171875 0.265625
vt 0.250000 0.265625
vt 0.242188 0.273438
vt 0.242188 0.265625
vt 0.210938 0.273438
vt 0.203125 0.304688
vt 0.210938 0.304688
vt 0.218750 0.304688
vt 0.218750 0.273438
vt 0.250000 0.273438
vt 0.445312 0.890625
vt 0.437500 0.898438
vt 0.437500 0.890625
vt 0.406250 0.898438
vt 0.406250 0.890625
vt 0.484375 0.890625
vt 0.476562 0.898438
vt 0.476562 0.890625
vt 0.445312 0.898438
vt 0.437500 0.929688
vt 0.445312 0.929688
vt 0.453125 0.929688
vt 0.453125 0.898438
vt 0.484375 0.898438
vt 0.320312 0.570312
vt 0.328125 0.578125
vt 0.320312 0.578125
vt 0.296875 0.578125
vt 0.296875 0.570312
vt 0.359375 0.570312
vt 0.351562 0.578125
vt 0.351562 0.570312
vt 0.328125 0.570312
vt 0.320312 0.601562
vt 0.328125 0.601562
vt 0.335938 0.601562
vt 0.335938 0.578125
vt 0.359375 0.578125
vt 0.250000 0.570312
vt 0.242188 0.578125
vt 0.242188 0.570312
vt 0.218750 0.578125
vt 0.218750 0.570312
vt 0.281250 0.570312
vt 0.273438 0.578125
vt 0.273438 0.570312
vt 0.250000 0.578125
vt 0.242188 0.601562
vt 0.250000 0.601562
vt 0.257812 0.601562
vt 0.257812 0.578125
vt 0.281250 0.578125
s 1
usemtl m_beaf8888-92db-460c-11b1-bab8514508ce
f 242/410/99 244/411/99 241/412/99
f 241/412/100 246/413/100 245/414/100
f 247/415/101 246/416/101 248/417/101
f 247/415/102 243/418/102 242/410/102
f 246/419/103 243/418/103 248/420/103
f 241/418/104 247/421/104 242/417/104
f 242/410/99 243/418/99 244/411/99
f 241/412/100 244/411/100 246/413/100
f 247/415/101 245/422/101 246/416/101
f 247/415/102 248/417/102 243/418/102
f 246/419/103 244/411/103 243/418/103
f 241/418/104 245/420/104 247/421/104
f 250/423/99 252/424/99 249/425/99
f 249/425/105 254/426/105 253/427/105
f 253/428/101 256/429/101 255/430/101
f 255/430/106 251/431/106 250/423/106
f 254/432/107 251/431/107 256/433/107
f 249/431/108 255/434/108 250/435/108
f 250/423/99 251/431/99 252/424/99
f 249/425/105 252/424/105 254/426/105
f 253/428/101 254/436/101 256/429/101
f 255/430/106 256/429/106 251/431/106
f 254/432/107 252/424/107 251/431/107
f 249/431/108 253/433/108 255/434/108
f 258/437/99 260/438/99 257/439/99
f 257/439/105 262/440/105 261/441/105
f 263/442/101 262/427/101 264/443/101
f 258/437/106 264/443/106 259/444/106
f 262/445/107 259/444/107 264/446/107
f 257/444/108 263/447/108 258/448/108
f 258/437/99 259/444/99 260/438/99
f 257/439/105 260/438/105 262/440/105
f 263/442/101 261/449/101 262/427/101
f 258/437/106 263/442/106 264/443/106
f 262/445/107 260/438/107 259/444/107
f 257/444/108 261/446/108 263/447/108
f 266/450/99 268/451/99 265/452/99
f 265/452/100 270/453/100 269/454/100
f 269/455/101 272/456/101 271/457/101
f 271/457/102 267/458/102 266/450/102
f 270/459/103 267/458/103 272/460/103
f 265/458/104 271/461/104 266/462/104
f 266/450/99 267/458/99 268/451/99
f 265/452/100 268/451/100 270/453/100
f 269/455/101 270/463/101 272/456/101
f 271/457/102 272/456/102 267/458/102
f 270/459/103 268/451/103 267/458/103
f 265/458/104 269/460/104 271/461/104
f 274/464/99 276/455/99 273/465/99
f 273/465/100 278/466/100 277/467/100
f 279/468/101 278/469/101 280/470/101
f 274/464/102 280/470/102 275/471/102
f 278/472/103 275/471/103 280/473/103
f 273/471/104 279/474/104 274/475/104
f 274/464/99 275/471/99 276/455/99
f 273/465/100 276/455/100 278/466/100
f 279/468/101 277/476/101 278/469/101
f 274/464/102 279/468/102 280/470/102
f 278/472/103 276/455/103 275/471/103
f 273/471/104 277/473/104 279/474/104
f 282/477/109 284/478/109 281/479/109
f 281/479/110 286/480/110 285/481/111
f 285/482/112 288/483/112 287/484/112
f 287/484/113 283/485/113 282/477/114
f 286/486/115 283/485/115 288/487/115
f 281/485/116 287/488/116 282/489/116
f 282/477/109 283/485/109 284/478/109
f 281/479/110 284/478/110 286/480/110
f 285/482/112 286/490/112 288/483/112
f 287/484/113 288/483/113 283/485/113
f 286/486/115 284/478/115 283/485/115
f 281/485/116 285/487/116 287/488/116
f 290/491/117 292/492/117 289/493/117
f 289/493/118 294/494/118 293/495/118
f 293/496/119 296/497/119 295/498/119
f 295/498/120 291/499/120 290/491/120
f 294/500/121 291/499/121 296/501/121
f 289/499/122 295/502/122 290/503/122
f 290/491/117 291/499/117 292/492/117
f 289/493/118 292/492/118 294/494/118
f 293/496/119 294/504/119 296/497/119
f 295/498/120 296/497/120 291/499/120
f 294/500/121 292/492/121 291/499/121
f 289/499/122 293/501/122 295/502/122
f 298/505/99 300/506/99 297/507/99
f 297/507/123 302/508/123 301/509/123
f 301/510/101 304/511/101 303/512/101
f 303/512/124 299/513/124 298/505/124
f 302/514/125 299/513/125 304/515/125
f 297/513/126 303/516/126 298/517/126
f 298/505/99 299/513/99 300/506/99
f 297/507/123 300/506/123 302/508/123
f 301/510/101 302/518/101 304/511/101
f 303/512/124 304/511/124 299/513/124
f 302/514/125 300/506/125 299/513/125
f 297/513/126 301/515/126 303/516/126
f 306/519/99 308/520/99 305/521/99
f 305/521/123 310/522/123 309/523/123
f 309/524/101 312/525/101 311/526/101
f 306/519/124 312/525/124 307/527/124
f 310/528/125 307/527/125 312/529/125
f 305/527/126 311/530/126 306/531/126
f 306/519/99 307/527/99 308/520/99
f 305/521/123 308/520/123 310/522/123
f 309/524/101 310/532/101 312/525/101
f 306/519/124 311/526/124 312/525/124
f 310/528/125 308/520/125 307/527/125
f 305/527/126 309/529/126 311/530/126
f 314/533/99 316/534/99 313/535/99
f 313/535/123 318/536/123 317/537/123
f 317/538/101 320/539/101 319/540/101
f 314/533/124 320/539/124 315/541/124
f 318/542/125 315/541/125 320/543/125
f 313/541/126 319/544/126 314/545/126
f 314/533/99 315/541/99 316/534/99
f 313/535/123 316/534/123 318/536/123
f 317/538/101 318/546/101 320/539/101
f 314/533/124 319/540/124 320/539/124
f 318/542/125 316/534/125 315/541/125
f 313/541/126 317/543/126 319/544/126
f 322/547/99 324/548/99 321/549/99
f 321/549/123 326/550/123 325/551/123
f 325/552/101 328/553/101 327/554/101
f 327/554/124 323/555/124 322/547/124
f 326/556/125 323/555/125 328/557/125
f 321/555/126 327/558/126 322/559/126
f 322/547/99 323/555/99 324/548/99
f 321/549/123 324/548/123 326/550/123
f 325/552/101 326/560/101 328/553/101
f 327/554/124 328/553/124 323/555/124
f 326/556/125 324/548/125 323/555/125
f 321/555/126 325/557/126 327/558/126
f 330/561/99 332/562/99 329/563/99
f 329/563/123 334/564/123 333/565/123
f 333/566/101 336/567/101 335/568/101
f 330/561/124 336/567/124 331/569/124
f 334/493/125 331/569/125 336/491/125
f 329/569/126 335/570/126 330/571/126
f 330/561/99 331/569/99 332/562/99
f 329/563/123 332/562/123 334/564/123
f 333/566/101 334/572/101 336/567/101
f 330/561/124 335/568/124 336/567/124
f 334/493/125 332/562/125 331/569/125
f 329/569/126 333/491/126 335/570/126
f 338/573/99 340/574/99 337/575/99
f 337/575/123 342/576/123 341/577/123
f 341/578/101 344/579/101 343/580/101
f 343/580/124 339/581/124 338/573/124
f 342/582/125 339/581/125 344/583/125
f 337/581/126 343/584/126 338/585/126
f 338/573/99 339/581/99 340/574/99
f 337/575/123 340/574/123 342/576/123
f 341/578/101 342/586/101 344/579/101
f 343/580/124 344/579/124 339/581/124
f 342/582/125 340/574/125 339/581/125
f 337/581/126 341/583/126 343/584/126
f 346/556/99 348/587/99 345/588/99
f 345/588/123 350/589/123 349/590/123
f 349/591/101 352/592/101 351/557/101
f 351/557/124 347/593/124 346/556/124
f 350/594/125 347/593/125 352/595/125
f 345/593/126 351/596/126 346/597/126
f 346/556/99 347/593/99 348/587/99
f 345/588/123 348/587/123 350/589/123
f 349/591/101 350/598/101 352/592/101
f 351/557/124 352/592/124 347/593/124
f 350/594/125 348/587/125 347/593/125
f 345/593/126 349/595/126 351/596/126
f 354/599/99 356/600/99 353/601/99
f 353/601/123 358/602/123 357/603/123
f 357/604/101 360/605/101 359/606/101
f 359/606/124 355/607/124 354/599/124
f 358/608/125 355/607/125 360/609/125
f 353/607/126 359/610/126 354/611/126
f 354/599/99 355/607/99 356/600/99
f 353/601/123 356/600/123 358/602/123
f 357/604/101 358/612/101 360/605/101
f 359/606/124 360/605/124 355/607/124
f 358/608/125 356/600/125 355/607/125
f 353/607/126 357/609/126 359/610/126
f 362/613/99 364/614/99 361/615/99
f 361/615/123 366/616/123 365/617/123
f 365/618/101 368/619/101 367/620/101
f 367/620/124 363/621/124 362/613/124
f 366/622/125 363/621/125 368/623/125
f 361/621/126 367/624/126 362/625/126
f 362/613/99 363/621/99 364/614/99
f 361/615/123 364/614/123 366/616/123
f 365/618/101 366/626/101 368/619/101
f 367/620/124 368/619/124 363/621/124
f 366/622/125 364/614/125 363/621/125
f 361/621/126 365/623/126 367/624/126
f 369/627/99 371/628/99 372/629/99
f 369/627/127 374/630/127 373/631/127
f 373/632/101 376/633/101 375/634/101
f 375/634/128 371/628/128 370/635/128
f 374/636/129 371/628/129 376/637/129
f 369/628/130 375/638/130 370/639/130
f 369/627/99 370/635/99 371/628/99
f 369/627/127 372/629/127 374/630/127
f 373/632/101 374/640/101 376/633/101
f 375/634/128 376/633/128 371/628/128
f 374/636/129 372/629/129 371/628/129
f 369/628/130 373/637/130 375/638/130
f 378/641/99 380/642/99 377/643/99
f 377/643/127 382/644/127 381/645/127
f 381/646/101 384/647/101 383/648/101
f 383/648/128 379/649/128 378/641/128
f 382/650/129 379/649/129 384/651/129
f 377/649/130 383/652/130 378/653/130
f 378/641/99 379/649/99 380/642/99
f 377/643/127 380/642/127 382/644/127
f 381/646/101 382/654/101 384/647/101
f 383/648/128 384/647/128 379/649/128
f 382/650/129 380/642/129 379/649/129
f 377/649/130 381/651/130 383/652/130
o rightarm_usMC
v 0.499092 1.446571 -0.125625
v 0.249244 1.455296 -0.125625
v 0.251425 1.517757 -0.125625
v 0.501273 1.509033 -0.125625
v 0.499092 1.446571 0.124375
v 0.501273 1.509033 0.124375
v 0.249244 1.455296 0.124375
v 0.251425 1.517757 0.124375
v 0.500000 0.996876 -0.131250
v 0.250000 0.996876 -0.131250
v 0.250000 1.059376 -0.131250
v 0.500000 1.059376 -0.131250
v 0.500000 0.996876 -0.068750
v 0.500000 1.059376 -0.068750
v 0.250000 0.996876 -0.068750
v 0.250000 1.059376 -0.068750
v 0.500000 0.840626 -0.131250
v 0.250000 0.840626 -0.131250
v 0.250000 0.903126 -0.131250
v 0.500000 0.903126 -0.131250
v 0.500000 0.840626 -0.068750
v 0.500000 0.903126 -0.068750
v 0.250000 0.840626 -0.068750
v 0.250000 0.903126 -0.068750
v 0.500000 0.996876 0.068750
v 0.250000 0.996876 0.068750
v 0.250000 1.059376 0.068750
v 0.500000 1.059376 0.068750
v 0.500000 0.996876 0.131250
v 0.500000 1.059376 0.131250
v 0.250000 0.996876 0.131250
v 0.250000 1.059376 0.131250
v 0.500000 0.840626 0.068750
v 0.250000 0.840626 0.068750
v 0.250000 0.903126 0.068750
v 0.500000 0.903126 0.068750
v 0.500000 0.840626 0.131250
v 0.500000 0.903126 0.131250
v 0.250000 0.840626 0.131250
v 0.250000 0.903126 0.131250
v 0.500000 1.059376 0.075000
v 0.250000 1.059376 0.075000
v 0.250000 1.496876 0.075000
v 0.500000 1.496876 0.075000
v 0.500000 1.059376 0.137500
v 0.500000 1.496876 0.137500
v 0.250000 1.059376 0.137500
v 0.250000 1.496876 0.137500
v 0.300000 1.059376 -0.125000
v 0.237500 1.059376 -0.125000
v 0.237500 1.496876 -0.125000
v 0.300000 1.496876 -0.125000
v 0.300000 1.059376 0.125000
v 0.300000 1.496876 0.125000
v 0.237500 1.059376 0.125000
v 0.237500 1.496876 0.125000
v 0.506250 0.996876 -0.125000
v 0.443750 0.996876 -0.125000
v 0.443750 1.059376 -0.125000
v 0.506250 1.059376 -0.125000
v 0.506250 0.996876 0.125000
v 0.506250 1.059376 0.125000
v 0.443750 0.996876 0.125000
v 0.443750 1.059376 0.125000
v 0.506250 0.840626 -0.125000
v 0.443750 0.840626 -0.125000
v 0.443750 0.903126 -0.125000
v 0.506250 0.903126 -0.125000
v 0.506250 0.840626 0.125000
v 0.506250 0.903126 0.125000
v 0.443750 0.840626 0.125000
v 0.443750 0.903126 0.125000
v 0.306250 0.996876 -0.125000
v 0.243750 0.996876 -0.125000
v 0.243750 1.059376 -0.125000
v 0.306250 1.059376 -0.125000
v 0.306250 0.996876 0.125000
v 0.306250 1.059376 0.125000
v 0.243750 0.996876 0.125000
v 0.243750 1.059376 0.125000
v 0.306250 0.840626 -0.125000
v 0.243750 0.840626 -0.125000
v 0.243750 0.903126 -0.125000
v 0.306250 0.903126 -0.125000
v 0.306250 0.840626 0.125000
v 0.306250 0.903126 0.125000
v 0.243750 0.840626 0.125000
v 0.243750 0.903126 0.125000
v 0.522230 1.181957 -0.125000
v 0.459816 1.178684 -0.125000
v 0.443448 1.490755 -0.125000
v 0.505862 1.494028 -0.125000
v 0.522230 1.181957 0.125000
v 0.505862 1.494028 0.125000
v 0.459816 1.178684 0.125000
v 0.443448 1.490755 0.125000
v 0.519436 1.057388 -0.125000
v 0.457022 1.060663 -0.125000
v 0.463569 1.185492 -0.125000
v 0.525983 1.182219 -0.125000
v 0.519436 1.057388 0.125000
v 0.525983 1.182219 0.125000
v 0.457022 1.060663 0.125000
v 0.463569 1.185492 0.125000
v 0.500773 1.183838 -0.144249
v 0.250925 1.183838 -0.152973
v 0.250545 1.496147 -0.142075
v 0.500392 1.496147 -0.133352
v 0.498593 1.181656 -0.081825
v 0.498213 1.493967 -0.070928
v 0.248746 1.181656 -0.090549
v 0.248365 1.493967 -0.079651
v 0.500805 1.058344 -0.129402
v 0.252174 1.058344 -0.155529
v 0.252630 1.183268 -0.159867
v 0.501261 1.183268 -0.133739
v 0.494277 1.060524 -0.067282
v 0.494733 1.185448 -0.071620
v 0.245646 1.060524 -0.093409
v 0.246102 1.185448 -0.097747
v 0.295098 0.817751 -0.118750
v 0.232836 0.823202 -0.118750
v 0.238285 0.885464 -0.118750
v 0.300547 0.880014 -0.118750
v 0.295098 0.817751 0.068750
v 0.300547 0.880014 0.068750
v 0.232836 0.823202 0.068750
v 0.238285 0.885464 0.068750
v 0.501373 0.737354 -0.093750
v 0.439112 0.742804 -0.093750
v 0.444561 0.805065 -0.093750
v 0.506823 0.799618 -0.093750
v 0.501373 0.737354 0.093750
v 0.506823 0.799618 0.093750
v 0.439112 0.742804 0.093750
v 0.444561 0.805065 0.093750
vn -0.0000 -0.0000 -1.0000
vn 0.9994 -0.0349 -0.0000
vn -0.0000 -0.0000 1.0000
vn -0.9994 0.0349 -0.0000
vn 0.0349 0.9994 -0.0000
vn -0.0349 -0.9994 -0.0000
vn 1.0000 -0.0000 -0.0000
vn -1.0000 -0.0000 -0.0000
vn -0.0000 1.0000 -0.0000
vn -0.0000 -1.0000 -0.0000
vn 0.9986 0.0524 -0.0000
vn -0.9986 -0.0524 -0.0000
vn -0.0524 0.9986 -0.0000
vn 0.0524 -0.9986 -0.0000
vn 0.9986 -0.0524 -0.0000
vn -0.9986 0.0524 -0.0000
vn 0.0524 0.9986 -0.0000
vn -0.0524 -0.9986 -0.0000
vn 0.0349 0.0349 -0.9988
vn 0.9994 -0.0000 0.0349
vn -0.0349 -0.0349 0.9988
vn -0.9994 -0.0000 -0.0349
vn -0.0012 0.9994 0.0349
vn 0.0012 -0.9994 -0.0349
vn 0.1044 -0.0349 -0.9939
vn 0.9945 -0.0000 0.1045
vn -0.1044 0.0349 0.9939
vn -0.9945 -0.0000 -0.1045
vn 0.0037 0.9994 -0.0347
vn 0.0036 0.9994 -0.0347
vn -0.0037 -0.9994 0.0347
vn -0.0036 -0.9994 0.0347
vn 0.1045 -0.0349 -0.9939
vn 0.9962 -0.0872 -0.0000
vn -0.9962 0.0872 -0.0000
vn 0.0872 0.9962 -0.0000
vn -0.0872 -0.9962 -0.0000
vn -0.0871 -0.9962 -0.0000
vt 0.585938 0.835938
vt 0.617188 0.843750
vt 0.585938 0.843750
vt 0.554688 0.843750
vt 0.554688 0.835938
vt 0.679688 0.835938
vt 0.648438 0.843750
vt 0.648438 0.835938
vt 0.617188 0.835938
vt 0.585938 0.875000
vt 0.617188 0.875000
vt 0.648438 0.875000
vt 0.679688 0.843750
vt 0.664062 0.273438
vt 0.632812 0.281250
vt 0.632812 0.273438
vt 0.625000 0.281250
vt 0.625000 0.273438
vt 0.703125 0.273438
vt 0.671875 0.281250
vt 0.671875 0.273438
vt 0.664062 0.281250
vt 0.632812 0.289062
vt 0.664062 0.289062
vt 0.695312 0.289062
vt 0.695312 0.281250
vt 0.703125 0.281250
vt 0.742188 0.468750
vt 0.710938 0.476562
vt 0.710938 0.468750
vt 0.703125 0.476562
vt 0.703125 0.468750
vt 0.781250 0.468750
vt 0.750000 0.476562
vt 0.750000 0.468750
vt 0.742188 0.476562
vt 0.710938 0.484375
vt 0.742188 0.484375
vt 0.773438 0.484375
vt 0.773438 0.476562
vt 0.781250 0.476562
vt 0.742188 0.453125
vt 0.710938 0.460938
vt 0.710938 0.453125
vt 0.703125 0.460938
vt 0.703125 0.453125
vt 0.781250 0.453125
vt 0.750000 0.460938
vt 0.750000 0.453125
vt 0.742188 0.460938
vt 0.773438 0.468750
vt 0.773438 0.460938
vt 0.781250 0.460938
vt 0.710938 0.492188
vt 0.703125 0.492188
vt 0.703125 0.484375
vt 0.781250 0.484375
vt 0.750000 0.492188
vt 0.750000 0.484375
vt 0.742188 0.492188
vt 0.710938 0.500000
vt 0.742188 0.500000
vt 0.773438 0.500000
vt 0.773438 0.492188
vt 0.781250 0.492188
vt 0.648438 0.695312
vt 0.617188 0.750000
vt 0.617188 0.695312
vt 0.609375 0.750000
vt 0.609375 0.695312
vt 0.687500 0.695312
vt 0.656250 0.750000
vt 0.656250 0.695312
vt 0.648438 0.750000
vt 0.617188 0.757812
vt 0.648438 0.757812
vt 0.679688 0.757812
vt 0.679688 0.750000
vt 0.687500 0.750000
vt 0.117188 0.343750
vt 0.109375 0.398438
vt 0.109375 0.343750
vt 0.078125 0.398438
vt 0.078125 0.343750
vt 0.156250 0.343750
vt 0.148438 0.398438
vt 0.148438 0.343750
vt 0.117188 0.398438
vt 0.109375 0.429688
vt 0.117188 0.429688
vt 0.125000 0.429688
vt 0.125000 0.398438
vt 0.156250 0.398438
vt 0.718750 0.921875
vt 0.710938 0.929688
vt 0.710938 0.921875
vt 0.679688 0.929688
vt 0.679688 0.921875
vt 0.757812 0.921875
vt 0.750000 0.929688
vt 0.750000 0.921875
vt 0.718750 0.929688
vt 0.710938 0.960938
vt 0.718750 0.960938
vt 0.726562 0.960938
vt 0.726562 0.929688
vt 0.757812 0.929688
vt 0.703125 0.507812
vt 0.703125 0.500000
vt 0.671875 0.507812
vt 0.671875 0.500000
vt 0.750000 0.500000
vt 0.742188 0.507812
vt 0.710938 0.507812
vt 0.703125 0.539062
vt 0.710938 0.539062
vt 0.718750 0.539062
vt 0.718750 0.507812
vt 0.750000 0.507812
vt 0.710938 0.359375
vt 0.703125 0.367188
vt 0.703125 0.359375
vt 0.671875 0.367188
vt 0.671875 0.359375
vt 0.750000 0.359375
vt 0.742188 0.367188
vt 0.742188 0.359375
vt 0.710938 0.367188
vt 0.703125 0.398438
vt 0.710938 0.398438
vt 0.718750 0.398438
vt 0.718750 0.367188
vt 0.750000 0.367188
vt 0.710938 0.757812
vt 0.703125 0.765625
vt 0.703125 0.757812
vt 0.671875 0.765625
vt 0.671875 0.757812
vt 0.750000 0.757812
vt 0.742188 0.765625
vt 0.742188 0.757812
vt 0.710938 0.765625
vt 0.703125 0.796875
vt 0.710938 0.796875
vt 0.718750 0.796875
vt 0.718750 0.765625
vt 0.750000 0.765625
vt 0.664062 0.453125
vt 0.656250 0.492188
vt 0.656250 0.453125
vt 0.625000 0.492188
vt 0.625000 0.453125
vt 0.695312 0.492188
vt 0.695312 0.453125
vt 0.664062 0.492188
vt 0.656250 0.523438
vt 0.664062 0.523438
vt 0.671875 0.523438
vt 0.671875 0.492188
vt 0.695312 0.679688
vt 0.687500 0.679688
vt 0.656250 0.679688
vt 0.734375 0.679688
vt 0.726562 0.695312
vt 0.726562 0.679688
vt 0.695312 0.695312
vt 0.687500 0.726562
vt 0.695312 0.726562
vt 0.703125 0.726562
vt 0.703125 0.695312
vt 0.734375 0.695312
vt 0.039062 0.281250
vt 0.007812 0.320312
vt 0.007812 0.281250
vt 0.000000 0.320312
vt 0.000000 0.281250
vt 0.078125 0.281250
vt 0.046875 0.320312
vt 0.046875 0.281250
vt 0.039062 0.320312
vt 0.039062 0.328125
vt 0.070312 0.328125
vt 0.070312 0.320312
vt 0.078125 0.320312
vt 0.007812 0.328125
vt 0.585938 0.273438
vt 0.554688 0.289062
vt 0.554688 0.273438
vt 0.546875 0.273438
vt 0.546875 0.289062
vt 0.593750 0.289062
vt 0.593750 0.273438
vt 0.585938 0.289062
vt 0.554688 0.296875
vt 0.585938 0.296875
vt 0.617188 0.296875
vt 0.617188 0.289062
vt 0.625000 0.289062
vt 0.421875 0.664062
vt 0.414062 0.671875
vt 0.414062 0.664062
vt 0.390625 0.671875
vt 0.390625 0.664062
vt 0.453125 0.664062
vt 0.445312 0.671875
vt 0.445312 0.664062
vt 0.421875 0.671875
vt 0.414062 0.695312
vt 0.421875 0.695312
vt 0.429688 0.695312
vt 0.429688 0.671875
vt 0.453125 0.671875
vt 0.265625 0.695312
vt 0.257812 0.703125
vt 0.257812 0.695312
vt 0.234375 0.703125
vt 0.234375 0.695312
vt 0.289062 0.695312
vt 0.296875 0.703125
vt 0.289062 0.703125
vt 0.265625 0.703125
vt 0.257812 0.726562
vt 0.265625 0.726562
vt 0.273438 0.726562
vt 0.273438 0.703125
vt 0.296875 0.695312
s 1
usemtl m_beaf8888-92db-460c-11b1-bab8514508ce
f 385/655/131 387/656/131 388/657/131
f 385/655/132 390/658/132 389/659/132
f 389/660/133 392/661/133 391/662/133
f 386/663/134 392/661/134 387/656/134
f 390/664/135 387/656/135 392/665/135
f 385/656/136 391/666/136 386/661/136
f 385/655/131 386/663/131 387/656/131
f 385/655/132 388/657/132 390/658/132
f 389/660/133 390/667/133 392/661/133
f 386/663/134 391/662/134 392/661/134
f 390/664/135 388/657/135 387/656/135
f 385/656/136 389/665/136 391/666/136
f 394/668/131 396/669/131 393/670/131
f 393/670/137 398/671/137 397/672/137
f 397/673/133 400/674/133 399/675/133
f 394/668/138 400/674/138 395/676/138
f 398/677/139 395/676/139 400/678/139
f 393/676/140 399/679/140 394/680/140
f 394/668/131 395/676/131 396/669/131
f 393/670/137 396/669/137 398/671/137
f 397/673/133 398/681/133 400/674/133
f 394/668/138 399/675/138 400/674/138
f 398/677/139 396/669/139 395/676/139
f 393/676/140 397/678/140 399/679/140
f 402/682/131 404/683/131 401/684/131
f 401/684/137 406/685/137 405/686/137
f 405/687/133 408/688/133 407/689/133
f 402/682/138 408/688/138 403/690/138
f 406/691/139 403/690/139 408/692/139
f 401/690/140 407/693/140 402/694/140
f 402/682/131 403/690/131 404/683/131
f 401/684/137 404/683/137 406/685/137
f 405/687/133 406/695/133 408/688/133
f 402/682/138 407/689/138 408/688/138
f 406/691/139 404/683/139 403/690/139
f 401/690/140 405/692/140 407/693/140
f 410/696/131 412/697/131 409/698/131
f 409/698/137 414/699/137 413/700/137
f 413/701/133 416/702/133 415/703/133
f 415/703/138 411/704/138 410/696/138
f 414/684/139 411/704/139 416/682/139
f 409/704/140 415/705/140 410/706/140
f 410/696/131 411/704/131 412/697/131
f 409/698/137 412/697/137 414/699/137
f 413/701/133 414/707/133 416/702/133
f 415/703/138 416/702/138 411/704/138
f 414/684/139 412/697/139 411/704/139
f 409/704/140 413/682/140 415/705/140
f 418/692/131 420/708/131 417/691/131
f 417/691/137 422/709/137 421/710/137
f 421/711/133 424/712/133 423/713/133
f 418/692/138 424/712/138 419/714/138
f 422/715/139 419/714/139 424/716/139
f 417/714/140 423/717/140 418/718/140
f 418/692/131 419/714/131 420/708/131
f 417/691/137 420/708/137 422/709/137
f 421/711/133 422/719/133 424/712/133
f 418/692/138 423/713/138 424/712/138
f 422/715/139 420/708/139 419/714/139
f 417/714/140 421/716/140 423/717/140
f 426/720/131 428/721/131 425/722/131
f 425/722/137 430/723/137 429/724/137
f 429/725/133 432/726/133 431/727/133
f 431/727/138 427/728/138 426/720/138
f 430/729/139 427/728/139 432/730/139
f 425/728/140 431/731/140 426/732/140
f 426/720/131 427/728/131 428/721/131
f 425/722/137 428/721/137 430/723/137
f 429/725/133 430/733/133 432/726/133
f 431/727/138 432/726/138 427/728/138
f 430/729/139 428/721/139 427/728/139
f 425/728/140 429/730/140 431/731/140
f 434/734/131 436/735/131 433/736/131
f 433/736/137 438/737/137 437/738/137
f 437/739/133 440/740/133 439/741/133
f 439/741/138 435/742/138 434/734/138
f 438/743/139 435/742/139 440/744/139
f 433/742/140 439/745/140 434/746/140
f 434/734/131 435/742/131 436/735/131
f 433/736/137 436/735/137 438/737/137
f 437/739/133 438/747/133 440/740/133
f 439/741/138 440/740/138 435/742/138
f 438/743/139 436/735/139 435/742/139
f 433/742/140 437/744/140 439/745/140
f 442/748/131 444/749/131 441/750/131
f 441/750/137 446/751/137 445/752/137
f 445/753/133 448/754/133 447/755/133
f 447/755/138 443/756/138 442/748/138
f 446/757/139 443/756/139 448/758/139
f 441/756/140 447/759/140 442/760/140
f 442/748/131 443/756/131 444/749/131
f 441/750/137 444/749/137 446/751/137
f 445/753/133 446/761/133 448/754/133
f 447/755/138 448/754/138 443/756/138
f 446/757/139 444/749/139 443/756/139
f 441/756/140 445/758/140 447/759/140
f 450/715/131 452/762/131 449/763/131
f 449/763/137 454/764/137 453/765/137
f 453/766/133 456/767/133 455/716/133
f 455/716/138 451/768/138 450/715/138
f 454/769/139 451/768/139 456/770/139
f 449/768/140 455/771/140 450/772/140
f 450/715/131 451/768/131 452/762/131
f 449/763/137 452/762/137 454/764/137
f 453/766/133 454/773/133 456/767/133
f 455/716/138 456/767/138 451/768/138
f 454/769/139 452/762/139 451/768/139
f 449/768/140 453/770/140 455/771/140
f 458/774/131 460/775/131 457/776/131
f 457/776/137 462/777/137 461/778/137
f 461/779/133 464/780/133 463/781/133
f 463/781/138 459/782/138 458/774/138
f 462/783/139 459/782/139 464/784/139
f 457/782/140 463/785/140 458/786/140
f 458/774/131 459/782/131 460/775/131
f 457/776/137 460/775/137 462/777/137
f 461/779/133 462/787/133 464/780/133
f 463/781/138 464/780/138 459/782/138
f 462/783/139 460/775/139 459/782/139
f 457/782/140 461/784/140 463/785/140
f 466/788/131 468/789/131 465/790/131
f 465/790/137 470/791/137 469/792/137
f 469/793/133 472/794/133 471/795/133
f 471/795/138 467/796/138 466/788/138
f 470/797/139 467/796/139 472/798/139
f 465/796/140 471/799/140 466/800/140
f 466/788/131 467/796/131 468/789/131
f 465/790/137 468/789/137 470/791/137
f 469/793/133 470/801/133 472/794/133
f 471/795/138 472/794/138 467/796/138
f 470/797/139 468/789/139 467/796/139
f 465/796/140 469/798/140 471/799/140
f 474/802/131 476/803/131 473/804/131
f 473/804/141 478/805/141 477/806/141
f 477/700/133 480/807/133 479/808/133
f 479/808/142 475/809/142 474/802/142
f 478/810/143 475/809/143 480/811/143
f 473/809/144 479/812/144 474/813/144
f 474/802/131 475/809/131 476/803/131
f 473/804/141 476/803/141 478/805/141
f 477/700/133 478/709/133 480/807/133
f 479/808/142 480/807/142 475/809/142
f 478/810/143 476/803/143 475/809/143
f 473/809/144 477/811/144 479/812/144
f 482/814/131 484/725/131 481/815/131
f 481/815/145 486/727/145 485/816/145
f 485/817/133 488/818/133 487/819/133
f 482/814/146 488/818/146 483/820/146
f 486/821/147 483/820/147 488/822/147
f 481/820/148 487/823/148 482/824/148
f 482/814/131 483/820/131 484/725/131
f 481/815/145 484/725/145 486/727/145
f 485/817/133 486/825/133 488/818/133
f 482/814/146 487/819/146 488/818/146
f 486/821/147 484/725/147 483/820/147
f 481/820/148 485/822/148 487/823/148
f 490/826/149 492/827/149 489/828/149
f 489/828/150 494/829/150 493/830/150
f 493/831/151 496/832/151 495/833/151
f 495/833/152 491/834/152 490/826/152
f 496/835/153 492/827/153 491/834/153
f 489/834/154 495/836/154 490/837/154
f 490/826/149 491/834/149 492/827/149
f 489/828/150 492/827/150 494/829/150
f 493/831/151 494/838/151 496/832/151
f 495/833/152 496/832/152 491/834/152
f 496/835/153 494/839/153 492/827/153
f 489/834/154 493/835/154 495/836/154
f 498/840/155 500/841/155 497/842/155
f 501/843/156 500/841/156 502/844/156
f 501/672/157 504/845/157 503/846/157
f 503/846/158 499/847/158 498/840/158
f 502/848/159 499/847/160 504/849/160
f 497/847/161 503/850/162 498/851/162
f 498/840/155 499/847/163 500/841/155
f 501/843/156 497/842/156 500/841/156
f 501/672/157 502/852/157 504/845/157
f 503/846/158 504/845/158 499/847/158
f 502/848/159 500/841/159 499/847/160
f 497/847/161 501/849/161 503/850/162
f 506/853/131 508/854/131 505/855/131
f 505/855/164 510/856/164 509/857/164
f 509/858/133 512/859/133 511/860/133
f 511/860/165 507/861/165 506/853/165
f 510/862/166 507/861/166 512/863/166
f 505/861/167 511/864/167 506/865/167
f 506/853/131 507/861/131 508/854/131
f 505/855/164 508/854/164 510/856/164
f 509/858/133 510/866/133 512/859/133
f 511/860/165 512/859/165 507/861/165
f 510/862/166 508/854/166 507/861/166
f 505/861/167 509/863/167 511/864/167
f 514/867/131 516/868/131 513/869/131
f 513/869/164 518/870/164 517/871/164
f 519/872/133 518/873/133 520/874/133
f 519/872/165 515/875/165 514/867/165
f 518/876/166 515/875/166 520/877/166
f 513/875/167 519/878/167 514/879/167
f 514/867/131 515/875/131 516/868/131
f 513/869/164 516/868/164 518/870/164
f 519/872/133 517/880/133 518/873/133
f 519/872/165 520/874/165 515/875/165
f 518/876/166 516/868/166 515/875/166
f 513/875/167 517/877/168 519/878/167
o bipedBody
v 0.250000 0.687500 -0.125000
v -0.250000 0.687500 -0.125000
v -0.250000 1.437500 -0.125000
v 0.250000 1.437500 -0.125000
v 0.250000 0.687500 0.125000
v 0.250000 1.437500 0.125000
v -0.250000 0.687500 0.125000
v -0.250000 1.437500 0.125000
vn -0.0000 -0.0000 -1.0000
vn 1.0000 -0.0000 -0.0000
vn -0.0000 -0.0000 1.0000
vn -1.0000 -0.0000 -0.0000
vn -0.0000 1.0000 -0.0000
vn -0.0000 -1.0000 -0.0000
vt 0.093750 0.750000
vt 0.031250 0.843750
vt 0.031250 0.750000
vt 0.000000 0.843750
vt 0.000000 0.750000
vt 0.187500 0.750000
vt 0.125000 0.843750
vt 0.125000 0.750000
vt 0.093750 0.843750
vt 0.031250 0.875000
vt 0.093750 0.875000
vt 0.156250 0.875000
vt 0.156250 0.843750
vt 0.187500 0.843750
s 1
usemtl m_beaf8888-92db-460c-11b1-bab8514508ce
f 522/881/169 524/882/169 521/883/169
f 521/883/170 526/884/170 525/885/170
f 525/886/171 528/887/171 527/888/171
f 527/888/172 523/889/172 522/881/172
f 526/890/173 523/889/173 528/891/173
f 521/889/174 527/892/174 522/893/174
f 522/881/169 523/889/169 524/882/169
f 521/883/170 524/882/170 526/884/170
f 525/886/171 526/894/171 528/887/171
f 527/888/172 528/887/172 523/889/172
f 526/890/173 524/882/173 523/889/173
f 521/889/174 525/891/174 527/892/174
o bipedRightArm
v 0.500000 0.750000 -0.125000
v 0.250000 0.750000 -0.125000
v 0.250000 1.500000 -0.125000
v 0.500000 1.500000 -0.125000
v 0.500000 0.750000 0.125000
v 0.500000 1.500000 0.125000
v 0.250000 0.750000 0.125000
v 0.250000 1.500000 0.125000
vn -0.0000 -0.0000 -1.0000
vn 1.0000 -0.0000 -0.0000
vn -0.0000 -0.0000 1.0000
vn -1.0000 -0.0000 -0.0000
vn -0.0000 1.0000 -0.0000
vn -0.0000 -1.0000 -0.0000
vt 0.421875 0.507812
vt 0.390625 0.601562
vt 0.390625 0.507812
vt 0.359375 0.601562
vt 0.359375 0.507812
vt 0.484375 0.507812
vt 0.453125 0.601562
vt 0.453125 0.507812
vt 0.421875 0.601562
vt 0.390625 0.632812
vt 0.421875 0.632812
vt 0.453125 0.632812
vt 0.484375 0.601562
s 1
usemtl m_beaf8888-92db-460c-11b1-bab8514508ce
f 530/895/175 532/896/175 529/897/175
f 529/897/176 534/898/176 533/899/176
f 533/900/177 536/901/177 535/902/177
f 535/902/178 531/903/178 530/895/178
f 534/904/179 531/903/179 536/905/179
f 529/903/180 535/906/180 530/901/180
f 530/895/175 531/903/175 532/896/175
f 529/897/176 532/896/176 534/898/176
f 533/900/177 534/907/177 536/901/177
f 535/902/178 536/901/178 531/903/178
f 534/904/179 532/896/179 531/903/179
f 529/903/180 533/905/180 535/906/180
o bipedLeftArm
v -0.248750 0.748751 -0.126250
v -0.501250 0.748751 -0.126250
v -0.501250 1.501249 -0.126250
v -0.248750 1.501249 -0.126250
v -0.248750 0.748751 0.126250
v -0.248750 1.501249 0.126250
v -0.501250 0.748751 0.126250
v -0.501250 1.501249 0.126250
vn -0.0000 -0.0000 -1.0000
vn 1.0000 -0.0000 -0.0000
vn -0.0000 -0.0000 1.0000
vn -1.0000 -0.0000 -0.0000
vn -0.0000 1.0000 -0.0000
vn -0.0000 -1.0000 -0.0000
vt 0.062500 0.515625
vt 0.031250 0.609375
vt 0.031250 0.515625
vt 0.000000 0.609375
vt 0.000000 0.515625
vt 0.125000 0.515625
vt 0.093750 0.609375
vt 0.093750 0.515625
vt 0.062500 0.609375
vt 0.031250 0.640625
vt 0.062500 0.640625
vt 0.093750 0.640625
vt 0.125000 0.609375
s 1
usemtl m_beaf8888-92db-460c-11b1-bab8514508ce
f 538/908/181 540/909/181 537/910/181
f 537/910/182 542/911/182 541/912/182
f 541/913/183 544/914/183 543/915/183
f 543/915/184 539/916/184 538/908/184
f 542/917/185 539/916/185 544/918/185
f 537/916/186 543/919/186 538/914/186
f 538/908/181 539/916/181 540/909/181
f 537/910/182 540/909/182 542/911/182
f 541/913/183 542/920/183 544/914/183
f 543/915/184 544/914/184 539/916/184
f 542/917/185 540/909/185 539/916/185
f 537/916/186 541/918/186 543/919/186
o bipedRightLeg
v 0.250000 0.000000 -0.125000
v 0.000000 0.000000 -0.125000
v 0.000000 0.750000 -0.125000
v 0.250000 0.750000 -0.125000
v 0.250000 0.000000 0.125000
v 0.250000 0.750000 0.125000
v 0.000000 0.000000 0.125000
v 0.000000 0.750000 0.125000
vn -0.0000 -0.0000 -1.0000
vn 1.0000 -0.0000 -0.0000
vn -0.0000 -0.0000 1.0000
vn -1.0000 -0.0000 -0.0000
vn -0.0000 1.0000 -0.0000
vn -0.0000 -1.0000 -0.0000
vt 0.328125 0.601562
vt 0.296875 0.695312
vt 0.296875 0.601562
vt 0.265625 0.695312
vt 0.265625 0.601562
vt 0.390625 0.601562
vt 0.359375 0.695312
vt 0.359375 0.601562
vt 0.328125 0.695312
vt 0.296875 0.726562
vt 0.328125 0.726562
vt 0.359375 0.726562
vt 0.390625 0.695312
s 1
usemtl m_beaf8888-92db-460c-11b1-bab8514508ce
f 546/921/187 548/922/187 545/923/187
f 545/923/188 550/924/188 549/925/188
f 549/926/189 552/927/189 551/928/189
f 551/928/190 547/929/190 546/921/190
f 550/930/191 547/929/191 552/931/191
f 545/929/192 551/932/192 546/927/192
f 546/921/187 547/929/187 548/922/187
f 545/923/188 548/922/188 550/924/188
f 549/926/189 550/933/189 552/927/189
f 551/928/190 552/927/190 547/929/190
f 550/930/191 548/922/191 547/929/191
f 545/929/192 549/931/192 551/932/192
o bipedLeftLeg
v 0.000000 0.000000 -0.125000
v -0.250000 0.000000 -0.125000
v -0.250000 0.750000 -0.125000
v 0.000000 0.750000 -0.125000
v 0.000000 0.000000 0.125000
v 0.000000 0.750000 0.125000
v -0.250000 0.000000 0.125000
v -0.250000 0.750000 0.125000
vn -0.0000 -0.0000 -1.0000
vn 1.0000 -0.0000 -0.0000
vn -0.0000 -0.0000 1.0000
vn -1.0000 -0.0000 -0.0000
vn -0.0000 1.0000 -0.0000
vn -0.0000 -1.0000 -0.0000
vt 0.203125 0.601562
vt 0.171875 0.695312
vt 0.171875 0.601562
vt 0.140625 0.695312
vt 0.140625 0.601562
vt 0.265625 0.601562
vt 0.234375 0.695312
vt 0.234375 0.601562
vt 0.203125 0.695312
vt 0.171875 0.726562
vt 0.203125 0.726562
vt 0.234375 0.726562
vt 0.265625 0.695312
s 1
usemtl m_beaf8888-92db-460c-11b1-bab8514508ce
f 554/934/193 556/935/193 553/936/193
f 553/936/194 558/937/194 557/938/194
f 557/939/195 560/940/195 559/941/195
f 559/941/196 555/942/196 554/934/196
f 558/943/197 555/942/197 560/944/197
f 553/942/198 559/945/198 554/940/198
f 554/934/193 555/942/193 556/935/193
f 553/936/194 556/935/194 558/937/194
f 557/939/195 558/946/195 560/940/195
f 559/941/196 560/940/196 555/942/196
f 558/943/197 556/935/197 555/942/197
f 553/942/198 557/944/198 559/945/198
o helmet
v 0.093750 1.845695 -0.331264
v -0.093750 1.845695 -0.331264
v -0.093750 1.906340 -0.316147
v 0.093750 1.906340 -0.316147
v 0.093750 1.830580 -0.270620
v 0.093750 1.891222 -0.255503
v -0.093750 1.830580 -0.270620
v -0.093750 1.891222 -0.255503
v 0.250000 1.828804 -0.308879
v -0.250000 1.828804 -0.308879
v -0.250000 2.010738 -0.263527
v 0.250000 2.010738 -0.263527
v 0.250000 1.813688 -0.248235
v 0.250000 1.995621 -0.202883
v -0.250000 1.813688 -0.248235
v -0.250000 1.995621 -0.202883
v -0.236878 1.812313 -0.250000
v -0.298013 1.825304 -0.250000
v -0.259037 2.008709 -0.250000
v -0.197902 1.995716 -0.250000
v -0.236878 1.812313 0.250000
v -0.197902 1.995716 0.250000
v -0.298013 1.825304 0.250000
v -0.259037 2.008709 0.250000
v -0.267403 1.668734 0.125000
v -0.328538 1.681726 0.125000
v -0.289562 1.865131 0.125000
v -0.228427 1.852139 0.125000
v -0.267403 1.668734 0.250000
v -0.228427 1.852139 0.250000
v -0.328538 1.681726 0.250000
v -0.289562 1.865131 0.250000
v -0.254415 1.811119 -0.175000
v -0.315550 1.824112 -0.175000
v -0.289566 1.946381 -0.175000
v -0.228431 1.933390 -0.175000
v -0.254415 1.811119 0.137500
v -0.228431 1.933390 0.137500
v -0.315550 1.824112 0.137500
v -0.289566 1.946381 0.137500
v -0.280777 1.662781 0.104287
v -0.341911 1.675774 0.104287
v -0.292214 1.909628 0.031196
v -0.231079 1.896635 0.031196
v -0.273180 1.698528 0.223826
v -0.223482 1.932383 0.150734
v -0.334315 1.711521 0.223826
v -0.284617 1.945375 0.150734
v 0.297414 1.825178 -0.250000
v 0.236279 1.812185 -0.250000
v 0.197303 1.995590 -0.250000
v 0.258437 2.008581 -0.250000
v 0.297414 1.825178 0.250000
v 0.258437 2.008581 0.250000
v 0.236279 1.812185 0.250000
v 0.197303 1.995590 0.250000
v 0.310378 1.823013 -0.175000
v 0.249243 1.810020 -0.175000
v 0.223259 1.932289 -0.175000
v 0.284394 1.945282 -0.175000
v 0.310378 1.823013 0.137500
v 0.284394 1.945282 0.137500
v 0.249243 1.810020 0.137500
v 0.223259 1.932289 0.137500
v 0.327276 1.681650 0.125000
v 0.266142 1.668657 0.125000
v 0.227166 1.852062 0.125000
v 0.288300 1.865053 0.125000
v 0.327276 1.681650 0.250000
v 0.288300 1.865053 0.250000
v 0.266142 1.668657 0.250000
v 0.227166 1.852062 0.250000
v 0.340245 1.676128 0.104951
v 0.279110 1.663136 0.104951
v 0.229413 1.896990 0.031860
v 0.290548 1.909983 0.031860
v 0.332648 1.711874 0.224490
v 0.282951 1.945728 0.151398
v 0.271514 1.698883 0.224490
v 0.221816 1.932737 0.151398
v 0.262500 1.544310 -0.239771
v 0.200000 1.544310 -0.239771
v 0.200000 1.852961 -0.190878
v 0.262500 1.852961 -0.190878
v 0.262500 1.534531 -0.178040
v 0.262500 1.843182 -0.129148
v 0.200000 1.534531 -0.178040
v 0.200000 1.843182 -0.129148
v -0.200000 1.544310 -0.239771
v -0.262500 1.544310 -0.239771
v -0.262500 1.852961 -0.190878
v -0.200000 1.852961 -0.190878
v -0.200000 1.534531 -0.178040
v -0.200000 1.843182 -0.129148
v -0.262500 1.534531 -0.178040
v -0.262500 1.843182 -0.129148
v -0.200000 1.613052 0.191483
v -0.262500 1.613052 0.191483
v -0.262500 1.736513 0.211040
v -0.200000 1.736513 0.211040
v -0.200000 1.603273 0.253213
v -0.200000 1.726734 0.272770
v -0.262500 1.603273 0.253213
v -0.262500 1.726734 0.272770
v 0.262500 1.613052 0.191483
v 0.200000 1.613052 0.191483
v 0.200000 1.736513 0.211040
v 0.262500 1.736513 0.211040
v 0.262500 1.603273 0.253213
v 0.262500 1.726734 0.272770
v 0.200000 1.603273 0.253213
v 0.200000 1.726734 0.272770
v 0.256250 1.503370 -0.252967
v 0.068750 1.503370 -0.252967
v 0.068750 1.564722 -0.264893
v 0.256250 1.564722 -0.264893
v 0.256250 1.598783 0.237845
v 0.256250 1.660133 0.225919
v 0.068750 1.598783 0.237845
v 0.068750 1.660133 0.225919
v 0.156250 1.509621 -0.265464
v -0.156250 1.509621 -0.265464
v -0.156250 1.570972 -0.277390
v 0.156250 1.570972 -0.277390
v 0.156250 1.521547 -0.204112
v 0.156250 1.582897 -0.216039
v -0.156250 1.521547 -0.204112
v -0.156250 1.582897 -0.216039
v -0.068750 1.503370 -0.252967
v -0.256250 1.503370 -0.252967
v -0.256250 1.564722 -0.264893
v -0.068750 1.564722 -0.264893
v -0.068750 1.598783 0.237845
v -0.068750 1.660133 0.225919
v -0.256250 1.598783 0.237845
v -0.256250 1.660133 0.225919
v -0.250526 1.565329 -0.268363
v -0.312645 1.563160 -0.274895
v -0.311982 1.620314 -0.300178
v -0.249863 1.622482 -0.293646
v -0.271077 1.640924 -0.098013
v -0.270414 1.698078 -0.123296
v -0.333197 1.638756 -0.104545
v -0.332534 1.695910 -0.129828
v 0.218750 1.993750 -0.218125
v -0.218750 1.993750 -0.218125
v -0.218750 2.056250 -0.218125
v 0.218750 2.056250 -0.218125
v 0.218750 1.993750 0.219375
v 0.218750 2.056250 0.219375
v -0.218750 1.993750 0.219375
v -0.218750 2.056250 0.219375
v 0.218750 2.010885 -0.263396
v -0.218750 2.010885 -0.263396
v -0.218750 2.055079 -0.219202
v 0.218750 2.055079 -0.219202
v 0.218750 1.966690 -0.219202
v 0.218750 2.010885 -0.175008
v -0.218750 1.966690 -0.219202
v -0.218750 2.010885 -0.175008
v 0.218750 2.010883 0.174099
v -0.218750 2.010883 0.174099
v -0.218750 2.055079 0.218294
v 0.218750 2.055079 0.218294
v 0.218750 1.966690 0.218293
v 0.218750 2.010883 0.262488
v -0.218750 1.966690 0.218293
v -0.218750 2.010883 0.262488
v -0.172358 2.012651 -0.218750
v -0.216552 1.968458 -0.218750
v -0.260747 2.012651 -0.218750
v -0.216553 2.056847 -0.218750
v -0.172358 2.012651 0.218750
v -0.216553 2.056847 0.218750
v -0.216552 1.968458 0.218750
v -0.260747 2.012651 0.218750
v 0.259817 2.013580 -0.218750
v 0.215622 1.969387 -0.218750
v 0.171428 2.013580 -0.218750
v 0.215622 2.057775 -0.218750
v 0.259817 2.013580 0.218750
v 0.215622 2.057775 0.218750
v 0.215622 1.969387 0.218750
v 0.171428 2.013580 0.218750
v -0.236981 1.643103 -0.139008
v -0.299443 1.640921 -0.139008
v -0.305961 1.827593 -0.122660
v -0.243499 1.829773 -0.122660
v -0.236411 1.626764 0.047778
v -0.242928 1.813437 0.064126
v -0.298873 1.624582 0.047778
v -0.305390 1.811255 0.064126
v -0.264152 1.749075 -0.064809
v -0.326614 1.746895 -0.064809
v -0.330959 1.871342 -0.053910
v -0.268497 1.873524 -0.053910
v -0.263962 1.743629 -0.002547
v -0.268307 1.868076 0.008352
v -0.326424 1.741447 -0.002547
v -0.330769 1.865896 0.008352
v 0.296402 1.641582 -0.138959
v 0.233940 1.643763 -0.138959
v 0.240457 1.830435 -0.122612
v 0.302919 1.828255 -0.122612
v 0.295832 1.625244 0.047826
v 0.302349 1.811916 0.064174
v 0.233370 1.627424 0.047826
v 0.239887 1.814096 0.064174
v 0.321336 1.747633 -0.064760
v 0.258874 1.749813 -0.064760
v 0.263219 1.874260 -0.053862
v 0.325681 1.872082 -0.053862
v 0.321146 1.742186 -0.002498
v 0.325491 1.866634 0.008400
v 0.258684 1.744368 -0.002498
v 0.263029 1.868814 0.008400
v 0.250000 1.683315 0.189364
v -0.250000 1.683315 0.189364
v -0.250000 1.991966 0.140472
v 0.250000 1.991966 0.140472
v 0.250000 1.702871 0.312824
v 0.250000 2.011524 0.263932
v -0.250000 1.702871 0.312824
v -0.250000 2.011524 0.263932
v -0.133070 1.538918 -0.344197
v -0.309082 1.573133 -0.289378
v -0.302205 1.633297 -0.304848
v -0.126192 1.599081 -0.359666
v -0.112657 1.551430 -0.286464
v -0.105779 1.611591 -0.301934
v -0.288670 1.585646 -0.231646
v -0.281792 1.645807 -0.247115
v 0.062500 1.839449 -0.325015
v -0.062500 1.839449 -0.325015
v -0.062500 2.021381 -0.279663
v 0.062500 2.021381 -0.279663
v 0.062500 1.824331 -0.264370
v 0.062500 2.006264 -0.219018
v -0.062500 1.824331 -0.264370
v -0.062500 2.006264 -0.219018
vn -0.0000 0.2419 -0.9703
vn 1.0000 -0.0000 -0.0000
vn -0.0000 -0.2419 0.9703
vn -1.0000 -0.0000 -0.0000
vn -0.0000 0.9703 0.2419
vn -0.0000 -0.9703 -0.2419
vn -0.0000 -0.0000 -1.0000
vn 0.9782 -0.2079 -0.0000
vn -0.0000 -0.0000 1.0000
vn -0.9782 0.2079 -0.0000
vn 0.2079 0.9782 -0.0000
vn -0.2078 -0.9782 -0.0000
vn -0.2079 -0.9782 -0.0000
vn 0.2078 0.9782 -0.0000
vn 0.2079 0.9781 -0.0000
vn -0.2079 -0.9781 -0.0000
vn -0.0608 -0.2860 -0.9563
vn 0.0608 0.2860 0.9563
vn 0.1988 0.9354 -0.2924
vn -0.1988 -0.9354 0.2924
vn 0.9782 0.2079 -0.0000
vn -0.9782 -0.2079 -0.0000
vn -0.2079 0.9782 -0.0000
vn -0.2078 0.9782 -0.0000
vn 0.2079 -0.9782 -0.0000
vn -0.2079 0.9781 -0.0000
vn 0.2079 -0.9781 -0.0000
vn 0.0608 -0.2860 -0.9563
vn -0.0608 0.2860 0.9563
vn -0.1988 0.9354 -0.2924
vn 0.1988 -0.9354 0.2924
vn -0.1989 0.9354 -0.2923
vn -0.0000 0.1565 -0.9877
vn -0.0000 -0.1565 0.9877
vn -0.0000 0.9877 0.1565
vn -0.0000 -0.9877 -0.1565
vn -0.0000 -0.1908 -0.9816
vn -0.0000 0.1908 0.9816
vn -0.0000 0.9816 -0.1908
vn -0.0000 -0.9816 0.1908
vn 0.1096 -0.4032 -0.9085
vn 0.9939 0.0347 0.1045
vn -0.1096 0.4032 0.9085
vn -0.9939 -0.0347 -0.1045
vn 0.0106 0.9145 -0.4045
vn -0.0106 -0.9145 0.4045
vn -0.0000 1.0000 -0.0000
vn -0.0000 -1.0000 -0.0000
vn -0.0000 0.7071 -0.7071
vn -0.0000 -0.7071 0.7071
vn -0.0000 0.7071 0.7071
vn -0.0000 -0.7071 -0.7071
vn 0.7071 0.7071 -0.0000
vn -0.7071 -0.7071 -0.0000
vn -0.7071 0.7071 -0.0000
vn 0.7071 -0.7071 -0.0000
vn -0.0030 0.0871 -0.9962
vn 0.9994 0.0349 -0.0000
vn 0.0030 -0.0871 0.9962
vn -0.9994 -0.0349 -0.0000
vn -0.0348 0.9956 0.0872
vn 0.0348 -0.9956 -0.0872
vn -0.0347 0.9956 0.0872
vn 0.0347 -0.9956 -0.0872
vn 0.0030 0.0871 -0.9962
vn 0.9994 -0.0349 -0.0000
vn -0.0030 -0.0871 0.9962
vn -0.9994 0.0349 -0.0000
vn 0.0347 0.9956 0.0872
vn -0.0347 -0.9956 -0.0872
vn 0.0348 0.9956 0.0872
vn -0.0000 -0.1565 -0.9877
vn -0.0000 0.1565 0.9877
vn -0.0000 0.9877 -0.1565
vn -0.0000 -0.9877 0.1564
vn -0.3266 -0.2002 -0.9237
vn 0.9387 -0.1825 -0.2924
vn 0.3266 0.2002 0.9237
vn -0.9387 0.1825 0.2924
vn 0.1101 0.9626 -0.2475
vn -0.1101 -0.9626 0.2475
vn -0.1100 -0.9626 0.2475
vn -0.9387 0.1825 0.2923
vn 0.1100 0.9626 -0.2475
vt 0.531250 0.523438
vt 0.507812 0.531250
vt 0.507812 0.523438
vt 0.500000 0.523438
vt 0.500000 0.531250
vt 0.562500 0.523438
vt 0.539062 0.531250
vt 0.539062 0.523438
vt 0.531250 0.531250
vt 0.507812 0.539062
vt 0.531250 0.539062
vt 0.554688 0.539062
vt 0.554688 0.531250
vt 0.562500 0.531250
vt 0.320312 0.898438
vt 0.257812 0.921875
vt 0.257812 0.898438
vt 0.250000 0.898438
vt 0.250000 0.921875
vt 0.390625 0.898438
vt 0.328125 0.921875
vt 0.328125 0.898438
vt 0.320312 0.921875
vt 0.257812 0.929688
vt 0.320312 0.929688
vt 0.382812 0.929688
vt 0.382812 0.921875
vt 0.390625 0.921875
vt 0.453125 0.632812
vt 0.460938 0.656250
vt 0.453125 0.656250
vt 0.390625 0.656250
vt 0.390625 0.632812
vt 0.531250 0.632812
vt 0.523438 0.656250
vt 0.523438 0.632812
vt 0.460938 0.632812
vt 0.453125 0.718750
vt 0.460938 0.718750
vt 0.468750 0.718750
vt 0.468750 0.656250
vt 0.531250 0.656250
vt 0.492188 0.679688
vt 0.484375 0.703125
vt 0.484375 0.679688
vt 0.468750 0.703125
vt 0.468750 0.679688
vt 0.507812 0.679688
vt 0.515625 0.703125
vt 0.507812 0.703125
vt 0.492188 0.703125
vt 0.484375 0.718750
vt 0.492188 0.718750
vt 0.500000 0.718750
vt 0.500000 0.703125
vt 0.515625 0.679688
vt 0.640625 0.523438
vt 0.632812 0.539062
vt 0.632812 0.523438
vt 0.593750 0.539062
vt 0.593750 0.523438
vt 0.679688 0.523438
vt 0.687500 0.539062
vt 0.679688 0.539062
vt 0.640625 0.539062
vt 0.632812 0.578125
vt 0.640625 0.578125
vt 0.648438 0.578125
vt 0.648438 0.539062
vt 0.687500 0.523438
vt 0.367188 0.953125
vt 0.375000 0.984375
vt 0.367188 0.984375
vt 0.351562 0.984375
vt 0.351562 0.953125
vt 0.390625 0.953125
vt 0.398438 0.984375
vt 0.390625 0.984375
vt 0.375000 0.953125
vt 0.375000 1.000000
vt 0.382812 1.000000
vt 0.382812 0.984375
vt 0.398438 0.953125
vt 0.367188 1.000000
vt 0.437500 0.804688
vt 0.429688 0.828125
vt 0.429688 0.804688
vt 0.367188 0.828125
vt 0.367188 0.804688
vt 0.500000 0.804688
vt 0.507812 0.828125
vt 0.500000 0.828125
vt 0.437500 0.828125
vt 0.429688 0.890625
vt 0.437500 0.890625
vt 0.445312 0.890625
vt 0.445312 0.828125
vt 0.507812 0.804688
vt 0.195312 0.351562
vt 0.203125 0.367188
vt 0.195312 0.367188
vt 0.156250 0.367188
vt 0.156250 0.351562
vt 0.250000 0.351562
vt 0.242188 0.367188
vt 0.242188 0.351562
vt 0.203125 0.351562
vt 0.195312 0.406250
vt 0.203125 0.406250
vt 0.210938 0.406250
vt 0.210938 0.367188
vt 0.250000 0.367188
vt 0.023438 0.242188
vt 0.015625 0.265625
vt 0.015625 0.242188
vt 0.000000 0.265625
vt 0.000000 0.242188
vt 0.039062 0.242188
vt 0.046875 0.265625
vt 0.039062 0.265625
vt 0.023438 0.265625
vt 0.015625 0.281250
vt 0.023438 0.281250
vt 0.031250 0.281250
vt 0.031250 0.265625
vt 0.046875 0.242188
vt 0.203125 0.953125
vt 0.210938 0.984375
vt 0.203125 0.984375
vt 0.187500 0.984375
vt 0.187500 0.953125
vt 0.234375 0.953125
vt 0.226562 0.984375
vt 0.226562 0.953125
vt 0.210938 0.953125
vt 0.210938 1.000000
vt 0.218750 1.000000
vt 0.218750 0.984375
vt 0.234375 0.984375
vt 0.203125 1.000000
vt 0.343750 0.523438
vt 0.335938 0.562500
vt 0.335938 0.523438
vt 0.328125 0.562500
vt 0.328125 0.523438
vt 0.359375 0.523438
vt 0.351562 0.562500
vt 0.351562 0.523438
vt 0.343750 0.562500
vt 0.335938 0.570312
vt 0.343750 0.570312
vt 0.351562 0.570312
vt 0.359375 0.562500
vt 0.156250 0.703125
vt 0.148438 0.742188
vt 0.148438 0.703125
vt 0.140625 0.742188
vt 0.140625 0.703125
vt 0.171875 0.703125
vt 0.164062 0.742188
vt 0.164062 0.703125
vt 0.156250 0.742188
vt 0.148438 0.750000
vt 0.156250 0.750000
vt 0.164062 0.750000
vt 0.171875 0.742188
vt 0.015625 0.617188
vt 0.007812 0.632812
vt 0.007812 0.617188
vt 0.000000 0.617188
vt 0.000000 0.632812
vt 0.031250 0.617188
vt 0.023438 0.632812
vt 0.023438 0.617188
vt 0.015625 0.632812
vt 0.007812 0.640625
vt 0.015625 0.640625
vt 0.023438 0.640625
vt 0.031250 0.632812
vt 0.210938 0.851562
vt 0.203125 0.867188
vt 0.203125 0.851562
vt 0.195312 0.851562
vt 0.195312 0.867188
vt 0.226562 0.851562
vt 0.218750 0.867188
vt 0.218750 0.851562
vt 0.210938 0.867188
vt 0.203125 0.875000
vt 0.210938 0.875000
vt 0.218750 0.875000
vt 0.226562 0.867188
vt 0.445312 0.718750
vt 0.421875 0.726562
vt 0.421875 0.718750
vt 0.359375 0.726562
vt 0.359375 0.718750
vt 0.531250 0.718750
vt 0.507812 0.726562
vt 0.507812 0.718750
vt 0.445312 0.726562
vt 0.421875 0.789062
vt 0.445312 0.789062
vt 0.468750 0.789062
vt 0.468750 0.726562
vt 0.531250 0.726562
vt 0.414062 0.789062
vt 0.375000 0.796875
vt 0.375000 0.789062
vt 0.367188 0.789062
vt 0.367188 0.796875
vt 0.460938 0.789062
vt 0.421875 0.796875
vt 0.414062 0.796875
vt 0.375000 0.804688
vt 0.414062 0.804688
vt 0.453125 0.804688
vt 0.453125 0.796875
vt 0.460938 0.796875
vt 0.429688 0.929688
vt 0.406250 0.937500
vt 0.406250 0.929688
vt 0.343750 0.937500
vt 0.343750 0.929688
vt 0.515625 0.929688
vt 0.492188 0.937500
vt 0.492188 0.929688
vt 0.429688 0.937500
vt 0.406250 1.000000
vt 0.429688 1.000000
vt 0.453125 1.000000
vt 0.453125 0.937500
vt 0.515625 0.937500
vt 0.179688 0.843750
vt 0.187500 0.851562
vt 0.179688 0.851562
vt 0.156250 0.851562
vt 0.156250 0.843750
vt 0.210938 0.843750
vt 0.187500 0.843750
vt 0.179688 0.875000
vt 0.187500 0.875000
vt 0.195312 0.875000
vt 0.218750 0.843750
vt 0.296875 0.937500
vt 0.242188 0.945312
vt 0.242188 0.937500
vt 0.187500 0.945312
vt 0.187500 0.937500
vt 0.351562 0.945312
vt 0.351562 0.937500
vt 0.296875 0.945312
vt 0.242188 1.000000
vt 0.296875 1.000000
vt 0.351562 1.000000
vt 0.406250 0.945312
vt 0.601562 0.664062
vt 0.546875 0.671875
vt 0.546875 0.664062
vt 0.539062 0.664062
vt 0.539062 0.671875
vt 0.664062 0.664062
vt 0.609375 0.671875
vt 0.609375 0.664062
vt 0.601562 0.671875
vt 0.546875 0.679688
vt 0.601562 0.679688
vt 0.656250 0.679688
vt 0.656250 0.671875
vt 0.664062 0.671875
vt 0.250000 0.812500
vt 0.195312 0.820312
vt 0.195312 0.812500
vt 0.187500 0.820312
vt 0.187500 0.812500
vt 0.312500 0.812500
vt 0.257812 0.820312
vt 0.257812 0.812500
vt 0.250000 0.820312
vt 0.195312 0.828125
vt 0.250000 0.828125
vt 0.304688 0.828125
vt 0.304688 0.820312
vt 0.312500 0.820312
vt 0.546875 0.593750
vt 0.539062 0.601562
vt 0.539062 0.593750
vt 0.484375 0.601562
vt 0.484375 0.593750
vt 0.609375 0.593750
vt 0.601562 0.601562
vt 0.601562 0.593750
vt 0.546875 0.601562
vt 0.539062 0.656250
vt 0.546875 0.656250
vt 0.554688 0.656250
vt 0.554688 0.601562
vt 0.609375 0.601562
vt 0.523438 0.664062
vt 0.468750 0.664062
vt 0.585938 0.656250
vt 0.593750 0.664062
vt 0.585938 0.664062
vt 0.531250 0.664062
vt 0.523438 0.718750
vt 0.539062 0.718750
vt 0.593750 0.656250
vt 0.343750 0.250000
vt 0.351562 0.273438
vt 0.343750 0.273438
vt 0.320312 0.273438
vt 0.320312 0.250000
vt 0.382812 0.250000
vt 0.375000 0.273438
vt 0.375000 0.250000
vt 0.351562 0.250000
vt 0.343750 0.296875
vt 0.351562 0.296875
vt 0.359375 0.296875
vt 0.359375 0.273438
vt 0.382812 0.273438
vt 0.140625 0.578125
vt 0.132812 0.593750
vt 0.132812 0.578125
vt 0.125000 0.593750
vt 0.125000 0.578125
vt 0.156250 0.578125
vt 0.148438 0.593750
vt 0.148438 0.578125
vt 0.140625 0.593750
vt 0.132812 0.601562
vt 0.140625 0.601562
vt 0.148438 0.601562
vt 0.156250 0.593750
vt 0.023438 0.953125
vt 0.031250 0.976562
vt 0.023438 0.976562
vt 0.000000 0.976562
vt 0.000000 0.953125
vt 0.054688 0.953125
vt 0.062500 0.976562
vt 0.054688 0.976562
vt 0.031250 0.953125
vt 0.031250 1.000000
vt 0.039062 1.000000
vt 0.039062 0.976562
vt 0.062500 0.953125
vt 0.023438 1.000000
vt 0.468750 0.906250
vt 0.460938 0.921875
vt 0.460938 0.906250
vt 0.453125 0.921875
vt 0.453125 0.906250
vt 0.484375 0.906250
vt 0.476562 0.921875
vt 0.476562 0.906250
vt 0.468750 0.921875
vt 0.468750 0.929688
vt 0.476562 0.929688
vt 0.484375 0.921875
vt 0.460938 0.929688
vt 0.531250 0.945312
vt 0.468750 0.984375
vt 0.468750 0.945312
vt 0.453125 0.984375
vt 0.453125 0.945312
vt 0.609375 0.945312
vt 0.546875 0.984375
vt 0.546875 0.945312
vt 0.531250 0.984375
vt 0.468750 1.000000
vt 0.531250 1.000000
vt 0.593750 1.000000
vt 0.593750 0.984375
vt 0.609375 0.984375
vt 0.007812 0.937500
vt 0.031250 0.945312
vt 0.007812 0.945312
vt 0.000000 0.945312
vt 0.000000 0.937500
vt 0.039062 0.937500
vt 0.062500 0.945312
vt 0.039062 0.945312
vt 0.031250 0.937500
vt 0.007812 0.953125
vt 0.054688 0.945312
vt 0.062500 0.937500
vt 0.117188 0.609375
vt 0.101562 0.632812
vt 0.101562 0.609375
vt 0.093750 0.609375
vt 0.093750 0.632812
vt 0.140625 0.609375
vt 0.125000 0.632812
vt 0.125000 0.609375
vt 0.117188 0.632812
vt 0.101562 0.640625
vt 0.117188 0.640625
vt 0.132812 0.640625
vt 0.132812 0.632812
vt 0.140625 0.632812
s 1
usemtl m_beaf8888-92db-460c-11b1-bab8514508ce
f 562/947/199 564/948/199 561/949/199
f 565/950/200 564/948/200 566/951/200
f 565/952/201 568/953/201 567/954/201
f 567/954/202 563/955/202 562/947/202
f 566/956/203 563/955/203 568/957/203
f 561/955/204 567/958/204 562/959/204
f 562/947/199 563/955/199 564/948/199
f 565/950/200 561/949/200 564/948/200
f 565/952/201 566/960/201 568/953/201
f 567/954/202 568/953/202 563/955/202
f 566/956/203 564/948/203 563/955/203
f 561/955/204 565/957/204 567/958/204
f 570/961/199 572/962/199 569/963/199
f 573/964/200 572/962/200 574/965/200
f 573/966/201 576/967/201 575/968/201
f 575/968/202 571/969/202 570/961/202
f 574/970/203 571/969/203 576/971/203
f 569/969/204 575/972/204 570/973/204
f 570/961/199 571/969/199 572/962/199
f 573/964/200 569/963/200 572/962/200
f 573/966/201 574/974/201 576/967/201
f 575/968/202 576/967/202 571/969/202
f 574/970/203 572/962/203 571/969/203
f 569/969/204 573/971/204 575/972/204
f 577/975/205 579/976/205 580/977/205
f 577/975/206 582/978/206 581/979/206
f 581/980/207 584/981/207 583/982/207
f 583/982/208 579/976/208 578/983/208
f 582/984/209 579/976/209 584/985/209
f 577/976/210 583/986/211 578/987/210
f 577/975/205 578/983/205 579/976/205
f 577/975/206 580/977/206 582/978/206
f 581/980/207 582/988/207 584/981/207
f 583/982/208 584/981/208 579/976/208
f 582/984/209 580/977/209 579/976/209
f 577/976/210 581/985/211 583/986/211
f 586/989/205 588/990/205 585/991/205
f 585/991/206 590/992/206 589/993/206
f 591/994/207 590/995/207 592/996/207
f 591/994/208 587/997/208 586/989/208
f 590/998/209 587/997/209 592/999/209
f 585/997/211 591/1000/211 586/1001/211
f 586/989/205 587/997/205 588/990/205
f 585/991/206 588/990/206 590/992/206
f 591/994/207 589/1002/207 590/995/207
f 591/994/208 592/996/208 587/997/208
f 590/998/209 588/990/209 587/997/209
f 585/997/211 589/999/211 591/1000/211
f 594/1003/205 596/1004/205 593/1005/205
f 593/1005/206 598/1006/206 597/1007/206
f 599/1008/207 598/1009/207 600/1010/207
f 599/1008/208 595/1011/208 594/1003/208
f 598/1012/209 595/1011/212 600/1013/213
f 593/1011/214 599/1014/211 594/1015/214
f 594/1003/205 595/1011/205 596/1004/205
f 593/1005/206 596/1004/206 598/1006/206
f 599/1008/207 597/1016/207 598/1009/207
f 599/1008/208 600/1010/208 595/1011/208
f 598/1012/209 596/1004/212 595/1011/212
f 593/1011/214 597/1013/211 599/1014/211
f 601/1017/215 603/1018/215 604/1019/215
f 601/1017/206 606/1020/206 605/1021/206
f 607/1022/216 606/1023/216 608/1024/216
f 607/1022/208 603/1018/208 602/1025/208
f 608/1026/217 604/1019/217 603/1018/217
f 601/1018/218 607/1027/218 602/1028/218
f 601/1017/215 602/1025/215 603/1018/215
f 601/1017/206 604/1019/206 606/1020/206
f 607/1022/216 605/1029/216 606/1023/216
f 607/1022/208 608/1024/208 603/1018/208
f 608/1026/217 606/1030/217 604/1019/217
f 601/1018/218 605/1026/218 607/1027/218
f 610/1031/205 612/1032/205 609/1033/205
f 609/1033/219 614/1034/219 613/1035/219
f 615/1036/207 614/1037/207 616/1038/207
f 615/1036/220 611/1039/220 610/1031/220
f 614/1040/221 611/1039/222 616/1041/221
f 609/1039/223 615/1042/223 610/1043/223
f 610/1031/205 611/1039/205 612/1032/205
f 609/1033/219 612/1032/219 614/1034/219
f 615/1036/207 613/1044/207 614/1037/207
f 615/1036/220 616/1038/220 611/1039/220
f 614/1040/221 612/1032/222 611/1039/222
f 609/1039/223 613/1041/223 615/1042/223
f 617/1045/205 619/1046/205 620/1047/205
f 617/1045/219 622/1048/219 621/1049/219
f 621/1050/207 624/1051/207 623/1052/207
f 623/1052/220 619/1046/220 618/1053/220
f 622/1054/221 619/1046/224 624/1055/221
f 617/1046/223 623/1056/225 618/1057/223
f 617/1045/205 618/1053/205 619/1046/205
f 617/1045/219 620/1047/219 622/1048/219
f 621/1050/207 622/1058/207 624/1051/207
f 623/1052/220 624/1051/220 619/1046/220
f 622/1054/221 620/1047/224 619/1046/224
f 617/1046/223 621/1055/225 623/1056/225
f 626/1059/205 628/1060/205 625/1061/205
f 625/1061/219 630/1062/219 629/1063/219
f 631/1064/207 630/1065/207 632/1066/207
f 631/1064/220 627/1067/220 626/1059/220
f 630/1068/221 627/1067/222 632/1069/221
f 625/1067/223 631/1070/223 626/1071/223
f 626/1059/205 627/1067/205 628/1060/205
f 625/1061/219 628/1060/219 630/1062/219
f 631/1064/207 629/1072/207 630/1065/207
f 631/1064/220 632/1066/220 627/1067/220
f 630/1068/221 628/1060/222 627/1067/222
f 625/1067/223 629/1069/223 631/1070/223
f 633/1073/226 635/1074/226 636/1075/226
f 633/1073/219 638/1076/219 637/1077/219
f 637/1078/227 640/1079/227 639/1080/227
f 634/1081/220 640/1079/220 635/1074/220
f 640/1082/228 636/1075/228 635/1074/228
f 633/1074/229 639/1083/229 634/1084/229
f 633/1073/226 634/1081/226 635/1074/226
f 633/1073/219 636/1075/219 638/1076/219
f 637/1078/227 638/1085/227 640/1079/227
f 634/1081/220 639/1080/220 640/1079/220
f 640/1082/228 638/1086/230 636/1075/228
f 633/1074/229 637/1082/229 639/1083/229
f 642/1087/231 644/1088/231 641/1089/231
f 641/1089/200 646/1090/200 645/1091/200
f 645/1092/232 648/1093/232 647/1094/232
f 642/1087/202 648/1093/202 643/1095/202
f 646/1096/233 643/1095/233 648/1097/233
f 641/1095/234 647/1098/234 642/1093/234
f 642/1087/231 643/1095/231 644/1088/231
f 641/1089/200 644/1088/200 646/1090/200
f 645/1092/232 646/1099/232 648/1093/232
f 642/1087/202 647/1094/202 648/1093/202
f 646/1096/233 644/1088/233 643/1095/233
f 641/1095/234 645/1097/234 647/1098/234
f 650/1100/231 652/1101/231 649/1102/231
f 649/1102/200 654/1103/200 653/1104/200
f 653/1105/232 656/1106/232 655/1107/232
f 650/1100/202 656/1106/202 651/1108/202
f 654/1109/233 651/1108/233 656/1110/233
f 649/1108/234 655/1111/234 650/1106/234
f 650/1100/231 651/1108/231 652/1101/231
f 649/1102/200 652/1101/200 654/1103/200
f 653/1105/232 654/1112/232 656/1106/232
f 650/1100/202 655/1107/202 656/1106/202
f 654/1109/233 652/1101/233 651/1108/233
f 649/1108/234 653/1110/234 655/1111/234
f 658/1113/231 660/1114/231 657/1115/231
f 661/1116/200 660/1114/200 662/1117/200
f 661/1118/232 664/1119/232 663/1120/232
f 663/1120/202 659/1121/202 658/1113/202
f 662/1122/233 659/1121/233 664/1123/233
f 657/1121/234 663/1124/234 658/1119/234
f 658/1113/231 659/1121/231 660/1114/231
f 661/1116/200 657/1115/200 660/1114/200
f 661/1118/232 662/1125/232 664/1119/232
f 663/1120/202 664/1119/202 659/1121/202
f 662/1122/233 660/1114/233 659/1121/233
f 657/1121/234 661/1123/234 663/1124/234
f 666/1126/231 668/1127/231 665/1128/231
f 669/1129/200 668/1127/200 670/1130/200
f 669/1131/232 672/1132/232 671/1133/232
f 671/1133/202 667/1134/202 666/1126/202
f 670/1135/233 667/1134/233 672/1136/233
f 665/1134/234 671/1137/234 666/1132/234
f 666/1126/231 667/1134/231 668/1127/231
f 669/1129/200 665/1128/200 668/1127/200
f 669/1131/232 670/1138/232 672/1132/232
f 671/1133/202 672/1132/202 667/1134/202
f 670/1135/233 668/1127/233 667/1134/233
f 665/1134/234 669/1136/234 671/1137/234
f 674/1139/235 676/1140/235 673/1141/235
f 673/1141/200 678/1142/200 677/1143/200
f 677/1144/236 680/1145/236 679/1146/236
f 674/1139/202 680/1145/202 675/1147/202
f 678/1148/237 675/1147/237 680/1149/237
f 673/1147/238 679/1150/238 674/1151/238
f 674/1139/235 675/1147/235 676/1140/235
f 673/1141/200 676/1140/200 678/1142/200
f 677/1144/236 678/1152/236 680/1145/236
f 674/1139/202 679/1146/202 680/1145/202
f 678/1148/237 676/1140/237 675/1147/237
f 673/1147/238 677/1149/238 679/1150/238
f 682/1153/235 684/1154/235 681/1155/235
f 685/1156/200 684/1154/200 686/1157/200
f 685/1158/236 688/1159/236 687/1148/236
f 687/1148/202 683/1160/202 682/1153/202
f 686/1161/237 683/1160/237 688/1162/237
f 681/1160/238 687/1163/238 682/1164/238
f 682/1153/235 683/1160/235 684/1154/235
f 685/1156/200 681/1155/200 684/1154/200
f 685/1158/236 686/1165/236 688/1159/236
f 687/1148/202 688/1159/202 683/1160/202
f 686/1161/237 684/1154/237 683/1160/237
f 681/1160/238 685/1162/238 687/1163/238
f 690/1166/235 692/1167/235 689/1168/235
f 689/1168/200 694/1169/200 693/1170/200
f 693/1171/236 696/1172/236 695/1173/236
f 690/1166/202 696/1172/202 691/1174/202
f 694/1175/237 691/1174/237 696/1176/237
f 689/1174/238 695/1177/238 690/1178/238
f 690/1166/235 691/1174/235 692/1167/235
f 689/1168/200 692/1167/200 694/1169/200
f 693/1171/236 694/1179/236 696/1172/236
f 690/1166/202 695/1173/202 696/1172/202
f 694/1175/237 692/1167/237 691/1174/237
f 689/1174/238 693/1176/238 695/1177/238
f 697/1180/239 699/1181/239 700/1182/239
f 697/1180/240 702/1183/240 701/1184/240
f 703/1185/241 702/1133/241 704/1126/241
f 703/1185/242 699/1181/242 698/1186/242
f 702/1187/243 699/1181/243 704/1188/243
f 697/1181/244 703/1189/244 698/1129/244
f 697/1180/239 698/1186/239 699/1181/239
f 697/1180/240 700/1182/240 702/1183/240
f 703/1185/241 701/1190/241 702/1133/241
f 703/1185/242 704/1126/242 699/1181/242
f 702/1187/243 700/1182/243 699/1181/243
f 697/1181/244 701/1188/244 703/1189/244
f 706/1191/205 708/1192/205 705/1193/205
f 705/1193/200 710/1194/200 709/1195/200
f 709/1167/207 712/1196/207 711/1197/207
f 711/1197/202 707/1198/202 706/1191/202
f 710/1199/245 707/1198/245 712/1200/245
f 705/1198/246 711/1201/246 706/1196/246
f 706/1191/205 707/1198/205 708/1192/205
f 705/1193/200 708/1192/200 710/1194/200
f 709/1167/207 710/1202/207 712/1196/207
f 711/1197/202 712/1196/202 707/1198/202
f 710/1199/245 708/1192/245 707/1198/245
f 705/1198/246 709/1200/246 711/1201/246
f 714/1203/247 716/1204/247 713/1205/247
f 717/1206/200 716/1204/200 718/1207/200
f 717/1208/248 720/1209/248 719/1210/248
f 719/1210/202 715/1211/202 714/1203/202
f 718/1212/249 715/1211/249 720/1213/249
f 713/1211/250 719/1214/250 714/1215/250
f 714/1203/247 715/1211/247 716/1204/247
f 717/1206/200 713/1205/200 716/1204/200
f 717/1208/248 718/1216/248 720/1209/248
f 719/1210/202 720/1209/202 715/1211/202
f 718/1212/249 716/1204/249 715/1211/249
f 713/1211/250 717/1213/250 719/1214/250
f 722/1217/247 724/1218/247 721/1219/247
f 721/1219/200 726/1220/200 725/1221/200
f 725/1222/248 728/1223/248 727/1224/248
f 722/1217/202 728/1223/202 723/1225/202
f 726/1226/249 723/1225/249 728/1227/249
f 721/1225/250 727/1228/250 722/1229/250
f 722/1217/247 723/1225/247 724/1218/247
f 721/1219/200 724/1218/200 726/1220/200
f 725/1222/248 726/1230/248 728/1223/248
f 722/1217/202 727/1224/202 728/1223/202
f 726/1226/249 724/1218/249 723/1225/249
f 721/1225/250 725/1227/250 727/1228/250
f 730/1231/205 732/1232/205 729/1233/205
f 729/1233/251 734/1234/251 733/1235/251
f 733/1236/207 736/1237/207 735/1238/207
f 735/1238/252 731/1239/252 730/1231/252
f 734/1240/253 731/1239/253 736/1241/253
f 729/1239/254 735/1242/254 730/1243/254
f 730/1231/205 731/1239/205 732/1232/205
f 729/1233/251 732/1232/251 734/1234/251
f 733/1236/207 734/1244/207 736/1237/207
f 735/1238/252 736/1237/252 731/1239/252
f 734/1240/253 732/1232/253 731/1239/253
f 729/1239/254 733/1241/254 735/1242/254
f 738/988/205 740/1245/205 737/981/205
f 737/981/251 742/1246/251 741/987/251
f 743/1247/207 742/1248/207 744/1249/207
f 743/1247/252 739/1250/252 738/988/252
f 742/1251/253 739/1250/253 744/1144/253
f 737/1250/254 743/1252/254 738/1206/254
f 738/988/205 739/1250/205 740/1245/205
f 737/981/251 740/1245/251 742/1246/251
f 743/1247/207 741/1253/207 742/1248/207
f 743/1247/252 744/1249/252 739/1250/252
f 742/1251/253 740/1245/253 739/1250/253
f 737/1250/254 741/1144/254 743/1252/254
f 745/1254/255 747/1255/255 748/1256/255
f 745/1254/256 750/1257/256 749/1258/256
f 749/1259/257 752/1260/257 751/1261/257
f 751/1261/258 747/1255/258 746/1262/258
f 750/1263/259 747/1255/259 752/1264/259
f 745/1255/260 751/1265/260 746/1266/260
f 745/1254/255 746/1262/255 747/1255/255
f 745/1254/256 748/1256/256 750/1257/256
f 749/1259/257 750/1267/257 752/1260/257
f 751/1261/258 752/1260/258 747/1255/258
f 750/1263/259 748/1256/261 747/1255/259
f 745/1255/260 749/1264/262 751/1265/260
f 754/1268/255 756/1269/255 753/1270/255
f 753/1270/256 758/1271/256 757/1272/256
f 757/1273/257 760/1274/257 759/1275/257
f 754/1268/258 760/1274/258 755/1276/258
f 758/1277/259 755/1276/259 760/1278/259
f 753/1276/260 759/1279/260 754/1274/260
f 754/1268/255 755/1276/255 756/1269/255
f 753/1270/256 756/1269/256 758/1271/256
f 757/1273/257 758/1280/257 760/1274/257
f 754/1268/258 759/1275/258 760/1274/258
f 758/1277/259 756/1269/259 755/1276/259
f 753/1276/260 757/1278/260 759/1279/260
f 761/1281/263 763/1282/263 764/1283/263
f 761/1281/264 766/1284/264 765/1285/264
f 767/1286/265 766/1287/265 768/1288/265
f 767/1286/266 763/1282/266 762/1289/266
f 768/1290/267 764/1283/267 763/1282/267
f 761/1282/268 767/1291/268 762/1292/268
f 761/1281/263 762/1289/263 763/1282/263
f 761/1281/264 764/1283/264 766/1284/264
f 767/1286/265 765/1293/265 766/1287/265
f 767/1286/266 768/1288/266 763/1282/266
f 768/1290/267 766/1294/267 764/1283/267
f 761/1282/268 765/1290/268 767/1291/268
f 770/1295/263 772/1296/263 769/1297/263
f 769/1297/264 774/1298/264 773/1299/264
f 773/1300/265 776/1301/265 775/1302/265
f 775/1302/266 771/1303/266 770/1295/266
f 776/1304/267 772/1296/267 771/1303/267
f 769/1303/268 775/1305/268 770/1301/268
f 770/1295/263 771/1303/263 772/1296/263
f 769/1297/264 772/1296/264 774/1298/264
f 773/1300/265 774/1306/265 776/1301/265
f 775/1302/266 776/1301/266 771/1303/266
f 776/1304/267 774/1307/269 772/1296/267
f 769/1303/268 773/1304/268 775/1305/268
f 778/1308/270 780/1309/270 777/1310/270
f 777/1310/200 782/1311/200 781/1312/200
f 781/1313/271 784/1314/271 783/1315/271
f 778/1308/202 784/1314/202 779/1316/202
f 782/1317/272 779/1316/272 784/1318/272
f 777/1316/273 783/1319/273 778/1320/273
f 778/1308/270 779/1316/270 780/1309/270
f 777/1310/200 780/1309/200 782/1311/200
f 781/1313/271 782/1321/271 784/1314/271
f 778/1308/202 783/1315/202 784/1314/202
f 782/1317/272 780/1309/272 779/1316/272
f 777/1316/273 781/1318/273 783/1319/273
f 785/1322/274 787/1323/274 788/1324/274
f 785/1322/275 790/1325/275 789/1326/275
f 791/1327/276 790/1328/276 792/1329/276
f 791/1327/277 787/1323/277 786/1330/277
f 790/1331/278 787/1323/278 792/1289/278
f 785/1323/279 791/1286/280 786/1332/280
f 785/1322/274 786/1330/274 787/1323/274
f 785/1322/275 788/1324/275 790/1325/275
f 791/1327/276 789/1333/276 790/1328/276
f 791/1327/277 792/1329/281 787/1323/277
f 790/1331/278 788/1324/282 787/1323/278
f 785/1323/279 789/1289/279 791/1286/280
f 794/1334/199 796/1335/199 793/1336/199
f 797/1337/200 796/1335/200 798/1338/200
f 797/1339/201 800/1340/201 799/1341/201
f 799/1341/202 795/1342/202 794/1334/202
f 798/1343/203 795/1342/203 800/1344/203
f 793/1342/204 799/1345/204 794/1346/204
f 794/1334/199 795/1342/199 796/1335/199
f 797/1337/200 793/1336/200 796/1335/200
f 797/1339/201 798/1347/201 800/1340/201
f 799/1341/202 800/1340/202 795/1342/202
f 798/1343/203 796/1335/203 795/1342/203
f 793/1342/204 797/1344/204 799/1345/204
